id,firstName,lastName,shortFirstName,shortLastName,matchName,nationality,nationalityId,position,type,dateOfBirth,countryOfBirth,countryOfBirthId,height,weight,foot,shirtNumber,status,active,knownName,placeOfBirth,secondNationality,secondNationalityId
1dy0207jxgg8gvuygsd95wdn8,David,Kjær Kruse,David,Kruse,D. Kruse,Denmark,5adf60vwiw2f2mibyq1k4ex7i,Midfielder,player,2002-05-15,Denmark,5adf60vwiw2f2mibyq1k4ex7i,185.0,80.0,right,23.0,active,no,,,,
1pburqlek8mrltnblrvucehw4,Mathias,Frederiksen,,,M. Frederiksen,Denmark,5adf60vwiw2f2mibyq1k4ex7i,Attacker,player,,Denmark,5adf60vwiw2f2mibyq1k4ex7i,,,,,active,yes,,,,
1vvyuyj2q6w73vf9uhbldti7e,Edmilson,Gomes dos Santos,Edmilson,Gomes dos Santos,Edmílson dos Santos,Guinea-Bissau,5ikz7810612v7a6l5u6gxa6vm,Midfielder,player,2000-03-20,Guinea-Bissau,5ikz7810612v7a6l5u6gxa6vm,177.0,,right,16.0,active,no,Edmilson dos Santos,Bissau,,
23qknnqc6885diyi50phjss7p,Albert,Ejupi,Albert,Ejupi,A. Ejupi,Sweden,1z6l2c33w2kyz9rdefs1d68nb,Midfielder,player,1992-08-28,Sweden,1z6l2c33w2kyz9rdefs1d68nb,191.0,85.0,,8.0,active,no,,Stockholm,,
266me3mc2giq9nnwn7ymkmymt,Aron,Sigurðarson,Aron,Sigurdarson,A. Sigurðarson,Iceland,4jjsm5a20nnxgw5cus6b7yxc6,Midfielder,player,1993-10-08,Iceland,4jjsm5a20nnxgw5cus6b7yxc6,177.0,70.0,right,11.0,active,no,,Reykjavík,,
29y19vqfjkvlc8s9gr5v5atqs,Jashar,Beluli,Jashar,Beluli,J. Beluli,Albania,17zsm8shejejls2on1ffil3op,Midfielder,player,2004-06-07,Denmark,5adf60vwiw2f2mibyq1k4ex7i,180.0,70.0,left,29.0,active,yes,,Aabenraa,,
2p9y93r7xfjb71d1bfckcs53p,Oliver,Stanisic,Oliver,Stanisic,O. Stanisic,Sweden,1z6l2c33w2kyz9rdefs1d68nb,Defender,player,1994-02-10,Sweden,1z6l2c33w2kyz9rdefs1d68nb,192.0,,right,2.0,active,yes,,,,
2xewnia49fvj3u2x3y8tfq2ju,Simon Michael,Becher,Simon,Becher,S. Becher,USA,7hr2f89v44y65dyu9k92vprwn,Attacker,player,1999-07-20,USA,7hr2f89v44y65dyu9k92vprwn,185.0,85.0,,11.0,active,yes,,,,
32wmgvj3oe28rnxn22727tpn8,Claus,Troelsen,,,C. Troelsen,Denmark,5adf60vwiw2f2mibyq1k4ex7i,,coach,1976-05-14,Denmark,5adf60vwiw2f2mibyq1k4ex7i,,,,,active,yes,,,,
3bxz0cn0chwqvs1114ectrrsa,Frederik Emil,Hedegaard Heiselberg,Frederik,Heiselberg,F. Heiselberg,Denmark,5adf60vwiw2f2mibyq1k4ex7i,Attacker,player,2003-02-11,Denmark,5adf60vwiw2f2mibyq1k4ex7i,191.0,,left,10.0,active,yes,,Lyne,,
436ydggem13x5kamueivijmdw,Oliver,Bjerregaard,,,O. Bjerregaard,Denmark,5adf60vwiw2f2mibyq1k4ex7i,Goalkeeper,player,,Denmark,5adf60vwiw2f2mibyq1k4ex7i,,,,31.0,active,yes,,,,
4bkqvwlmbwul0s8lbbq6mifp,Søren,Reese,Søren,Reese,S. Reese,Denmark,5adf60vwiw2f2mibyq1k4ex7i,Defender,player,1993-07-29,Denmark,5adf60vwiw2f2mibyq1k4ex7i,184.0,71.0,left,20.0,active,yes,,Ingstrup,,
4i0jiisff5k1efcgf27skpqfo,Frederik,Roslyng,Frederik,Roslyng,F. Roslyng,Denmark,5adf60vwiw2f2mibyq1k4ex7i,Defender,player,2005-01-10,Denmark,5adf60vwiw2f2mibyq1k4ex7i,,,,34.0,active,yes,,,,
4m3slt6iikaxklqd12i719rl5,Moses,Opondo,Moses,Opondo,M. Opondo,Uganda,1j6yonplolalz6goyopv7xd1k,Midfielder,player,1997-10-28,Uganda,1j6yonplolalz6goyopv7xd1k,174.0,72.0,right,6.0,active,yes,,,Denmark,5adf60vwiw2f2mibyq1k4ex7i
4mxciw9jsj9l437fd7bv78p91,Jakob,Svarrer Ankersen,Jakob,Ankersen,J. Ankersen,Denmark,5adf60vwiw2f2mibyq1k4ex7i,Midfielder,player,1990-09-22,Denmark,5adf60vwiw2f2mibyq1k4ex7i,182.0,70.0,right,7.0,active,yes,,Esbjerg,,
4u8nj3oxx8lfxvjnb383baodl,Jean Carlos,de Brito,Jean Carlos,de Brito,Jean Carlos,Brazil,2vufyvpoxd9lfl9f6vpp7tz6y,Midfielder,player,1995-06-09,Brazil,2vufyvpoxd9lfl9f6vpp7tz6y,173.0,65.0,left,36.0,active,no,Jean Carlos,Goiânia,,
5bhxlryh066pxnogizbuh67tg,Lukas,Wagner,Lukas,Wagner,L. Wagner,Denmark,5adf60vwiw2f2mibyq1k4ex7i,Defender,player,2004-11-19,Denmark,5adf60vwiw2f2mibyq1k4ex7i,175.0,,right,25.0,active,no,,,,
5ccuvrs6aauvbah12idx0bor8,Muhammed,Jallow,,,M. Jallow,Gambia,4ix3ulx7h2a09r16jo9qdbuvp,Attacker,player,2005-02-16,Gambia,4ix3ulx7h2a09r16jo9qdbuvp,,,,24.0,active,no,,,,
5oesz1ge01l4ay7llja4a3alm,Rogers,Mugisha,Rogers,Mugisha,R. Mugisha,Uganda,1j6yonplolalz6goyopv7xd1k,Attacker,player,2003-06-06,Uganda,1j6yonplolalz6goyopv7xd1k,,,,98.0,active,yes,,,,
61vr9xr91fr4g6ayzga5vn9w5,Alexander,Ludwig,Alexander,Ludwig,A. Ludwig,Denmark,5adf60vwiw2f2mibyq1k4ex7i,Defender,player,1993-06-30,Denmark,5adf60vwiw2f2mibyq1k4ex7i,184.0,85.0,left,33.0,active,yes,,København,,
630daj1ef34rczbhng0eoncvd,Malte,Kiilerich Hansen,Malte,Kiilerich,M. Kiilerich,Denmark,5adf60vwiw2f2mibyq1k4ex7i,Defender,player,1995-10-16,Denmark,5adf60vwiw2f2mibyq1k4ex7i,188.0,82.0,right,4.0,active,no,,København,,
6xisosaqrokplph1s2rhrui38,Sory,Traoré,Sory,Traore,S. Traoré,Guinea,4i9sg55wigitrfx7290f59ceo,Attacker,player,2005-03-13,Guinea,4i9sg55wigitrfx7290f59ceo,,,,,active,yes,,,,
7353ysa16qgg30b9z5qiagys4,Alagie,Saine,Alagie,Saine,A. Saine,Gambia,4ix3ulx7h2a09r16jo9qdbuvp,Defender,player,2003-01-20,Gambia,4ix3ulx7h2a09r16jo9qdbuvp,186.0,,right,28.0,active,yes,,,,
7odg3dte6eh3uuv1cjnd3oefo,Andreas,Kampp Kiilerich Hermansen,Andreas,Hermansen,A. Hermansen,Denmark,5adf60vwiw2f2mibyq1k4ex7i,Goalkeeper,player,2004-05-01,Denmark,5adf60vwiw2f2mibyq1k4ex7i,,,,40.0,active,yes,,,,
7pbzgnyig3427nvsukz1bqq6s,Frederik,Vestergaard Kristensen,,,F. Kristensen,Denmark,5adf60vwiw2f2mibyq1k4ex7i,Midfielder,player,2001-02-12,Denmark,5adf60vwiw2f2mibyq1k4ex7i,,,right,18.0,active,yes,,,,
7x5op2llscnltkn0pkshbwlxw,Mads,Lyng,Mads,Lyng,M. Lyng,Denmark,5adf60vwiw2f2mibyq1k4ex7i,,assistant coach,,Denmark,5adf60vwiw2f2mibyq1k4ex7i,,,,,active,yes,,,,
8lwk0z8fo8baciw394qqzew2d,Joakim,Persson,Joakim,Persson,J. Persson,Sweden,1z6l2c33w2kyz9rdefs1d68nb,,coach,1975-04-03,Sweden,1z6l2c33w2kyz9rdefs1d68nb,180.0,76.0,,,active,no,,,,
8uhv14rin2znrr0wqgvcc2f2t,Matej,Delač,Matej,Delac,M. Delač,Croatia,37hlakrwxyuzovaeoo4sezusp,Goalkeeper,player,1992-08-20,Bosnia and Herzegovina,4fue8u54361o79fbiu9qwxjer,190.0,80.0,right,1.0,active,yes,,Gornji Vakuf,,
9ik2uhlguua62ftde1gbv1dlg,Oscar,Karimi Mandrup,,,O. Mandrup,Denmark,5adf60vwiw2f2mibyq1k4ex7i,Attacker,player,2008-02-14,Denmark,5adf60vwiw2f2mibyq1k4ex7i,,,,21.0,active,yes,,,Iran,e53g9hr2d3kasm34uumbg8r4
9p9cd8xw4fz5mihxm69exb7ys,Omar,Jarju,,,O. Jarju,Gambia,4ix3ulx7h2a09r16jo9qdbuvp,Attacker,player,2005-08-18,Gambia,4ix3ulx7h2a09r16jo9qdbuvp,,,,,active,yes,,,,
9tdl50o579ut0oj2eec0dprtg,Angelo Luca,Nehme,Angelo,Nehmé,A. Nehme,Denmark,5adf60vwiw2f2mibyq1k4ex7i,Attacker,player,2004-01-23,Denmark,5adf60vwiw2f2mibyq1k4ex7i,165.0,,both,22.0,active,yes,,,,
9yiz575rldkwu7icgqwk1qmdx,Anders,Kvindebjerg Jacobsen,Anders,Jacobsen,A. Jacobsen,Denmark,5adf60vwiw2f2mibyq1k4ex7i,Attacker,player,1989-10-27,Denmark,5adf60vwiw2f2mibyq1k4ex7i,181.0,77.0,right,9.0,active,no,,Odense,,
a5ixaq4f9h2eol29wyp7ncb2s,Gabriel,Kehinde Victor,Gabriel,Kehinde,G. Kehinde,Nigeria,63pvdwrsiq5b07mzi8igqei9p,Midfielder,player,2003-07-28,Nigeria,63pvdwrsiq5b07mzi8igqei9p,,,,23.0,active,no,,,,
aomjkj5s52jkzgk3ljsz0osiy,Emanuel,Perez,Manny,Perez,E. Perez,USA,7hr2f89v44y65dyu9k92vprwn,Defender,player,1999-02-19,USA,7hr2f89v44y65dyu9k92vprwn,183.0,73.0,,3.0,active,yes,,Garner,,
b9g3gwxlao9u6y4elz1sdukmh,Elijah Henry,Just,Elijah,Just,E. Just,New Zealand,wcq2y28a27syx5do1k2i2nj8,Midfielder,player,2000-05-01,New Zealand,wcq2y28a27syx5do1k2i2nj8,174.0,68.0,right,27.0,active,yes,,,,
c1p51x3fg0dgss14z9vozfqc4,Anton Noah Christian,Ekeroth,Anton,Ekeroth,A. Ekeroth,Sweden,1z6l2c33w2kyz9rdefs1d68nb,Defender,player,2001-09-16,Sweden,1z6l2c33w2kyz9rdefs1d68nb,,,,12.0,active,yes,,,,
cphvg2nexeks2vwd2ezb4zuok,Kouassi Odilon Bryan,Me Atowoula,,,O. Kouassi,Côte d'Ivoire,tin6kf561ywonqan0mettr98,Midfielder,player,2005-10-13,Côte d'Ivoire,tin6kf561ywonqan0mettr98,187.0,,,,active,yes,,,,
cyast97jr969kqwdltszg1p0p,Marcus,Bobjerg Jakobsen,Marcus,Bobjerg,M. Bobjerg,Denmark,5adf60vwiw2f2mibyq1k4ex7i,Goalkeeper,player,1998-01-26,Denmark,5adf60vwiw2f2mibyq1k4ex7i,188.0,76.0,right,30.0,active,yes,,,,
dsfbfzwy3c06mu50ee89qrbsa,Marinus Frederik,Løvgren Larsen,Marinus,Larsen,M. Larsen,Denmark,5adf60vwiw2f2mibyq1k4ex7i,Midfielder,player,2003-12-30,Denmark,5adf60vwiw2f2mibyq1k4ex7i,169.0,63.0,right,19.0,active,yes,,,,
duahzgqspyuy2gu31u3s8ky96,Mikkel,Møller Lassen,Mikkel,Lassen,M. Lassen,Denmark,5adf60vwiw2f2mibyq1k4ex7i,Defender,player,2001-06-19,Denmark,5adf60vwiw2f2mibyq1k4ex7i,181.0,74.0,right,17.0,active,yes,,,,
e0q7vplzzxb23i607ztmnm5lh,Lubambo Sailas,Musonda,Lubambo,Musonda,L. Musonda,Zambia,2dlu3zrfid7nl6ppmb04hjgot,Defender,player,1995-03-01,Zambia,2dlu3zrfid7nl6ppmb04hjgot,171.0,75.0,both,,active,no,,Lusaka,,
e2157naqwp1qdsgaxre307cb8,Hjalte,Toftegaard,Hjalte,Toftegaard,H. Toftegaard,Denmark,5adf60vwiw2f2mibyq1k4ex7i,Midfielder,player,2006-06-25,Denmark,5adf60vwiw2f2mibyq1k4ex7i,,,,32.0,active,yes,,,,
emi8qy4aaxle4m9n9e32d7wno,Lasse,Risager Kristensen,,,L. Kristensen,Denmark,5adf60vwiw2f2mibyq1k4ex7i,Defender,player,,Denmark,5adf60vwiw2f2mibyq1k4ex7i,,,,26.0,active,yes,,,,
eso2tbbpnxu9qvx6zy07m5jx0,Julius,Madsen,,,J. Madsen,Denmark,5adf60vwiw2f2mibyq1k4ex7i,Midfielder,player,2003-08-01,Denmark,5adf60vwiw2f2mibyq1k4ex7i,,,,14.0,active,yes,,Næstved,,
f5hf8nozzscj5ayxqueo68nvt,Samson,Iyede Onomigho,Samson,Iyede,S. Iyede,Nigeria,63pvdwrsiq5b07mzi8igqei9p,Attacker,player,1998-01-28,Nigeria,63pvdwrsiq5b07mzi8igqei9p,181.0,78.0,right,26.0,active,no,,Orogun,,
s8c0oxnoqt6zi7pi88rwawvd,Jacob,Buus Jacobsen,Jacob,Buus,J. Buus,Denmark,5adf60vwiw2f2mibyq1k4ex7i,Defender,player,1997-03-07,Denmark,5adf60vwiw2f2mibyq1k4ex7i,177.0,67.0,,15.0,active,no,,Odense,,
14r1c22voyj02dx8bni4eketw,André Micael,Álvarez Pérez,André,Pérez,A. Pérez,Sweden,1z6l2c33w2kyz9rdefs1d68nb,Defender,player,2005-03-23,Sweden,1z6l2c33w2kyz9rdefs1d68nb,,,,24.0,active,yes,,,Chile,32tb8d7824xg4i0ybxzssczu0
1arzd8hqj73byhduozscqz5uy,Mathias,Jørgensen,Mathias,Jørgensen,M. Jørgensen,Denmark,5adf60vwiw2f2mibyq1k4ex7i,Attacker,player,2000-09-20,Denmark,5adf60vwiw2f2mibyq1k4ex7i,185.0,75.0,right,30.0,active,yes,Mathias Jørgensen,Hundested,,
1dvhwhz4n5f9cf4ts58rfu21,Nils Daniel Erik,Ask,Daniel,Ask,D. Ask,Sweden,1z6l2c33w2kyz9rdefs1d68nb,Midfielder,player,1998-12-20,Sweden,1z6l2c33w2kyz9rdefs1d68nb,,,,18.0,active,yes,,,,
1qyvk3eveiz8n40houjgtko9h,Daniel Fredrik,Granli,Daniel,Granli,D. Granli,Norway,7f16iy4w8u8ogyn6pfooqwv5z,Defender,player,1994-05-01,Norway,7f16iy4w8u8ogyn6pfooqwv5z,188.0,78.0,right,5.0,active,no,,Sandvika,,
1xqap7xy7hm8exzl56ak0xhck,Max,Vartuli,Max,Vartuli,M. Vartuli,Australia,u5ieemi69z72c3bgczyy68lo,Goalkeeper,player,2005-01-20,Australia,u5ieemi69z72c3bgczyy68lo,192.0,,left,40.0,active,yes,,,,
2513579m13glsous1p82fbjzd,Andreas,Poulsen,Andreas,Poulsen,A. Poulsen,Denmark,5adf60vwiw2f2mibyq1k4ex7i,Defender,player,1999-10-13,Denmark,5adf60vwiw2f2mibyq1k4ex7i,188.0,80.0,left,25.0,active,no,,Ikast,,
3c7oy1stwyquawdfzzom13xn8,Anders Abdull-Gaffar Haidar,Noshe,Anders,Noshe,A. Noshe,Denmark,5adf60vwiw2f2mibyq1k4ex7i,Attacker,player,2006-01-09,Denmark,5adf60vwiw2f2mibyq1k4ex7i,174.0,,right,31.0,active,yes,,Aalborg,,
3iwqwfxwk3h00rztyn7xhaw44,Patrick,Aurø Allentoft,,,P. Allentoft,Denmark,5adf60vwiw2f2mibyq1k4ex7i,Attacker,player,,Denmark,5adf60vwiw2f2mibyq1k4ex7i,,,,,active,no,,,,
3q4tnk1z46lop4rbdpjtfoc2c,Viktor Melker,Widell,Melker,Widell,M. Widell,Sweden,1z6l2c33w2kyz9rdefs1d68nb,Attacker,player,2002-04-19,Sweden,1z6l2c33w2kyz9rdefs1d68nb,,,,8.0,active,yes,,,,
3tka46re2gsi9uw7pbxx5m0pg,Bertil Magne,Grønkjær Pedersen,Bertil,Pedersen,B. Pedersen,Denmark,5adf60vwiw2f2mibyq1k4ex7i,Goalkeeper,player,2007-07-24,Denmark,5adf60vwiw2f2mibyq1k4ex7i,195.0,,right,50.0,active,yes,,Aalborg,,
3v40cf58jryvu4l4cxu4w9ht6,Bo Tim Rade Tiger,Prica,Tim,Prica,T. Prica,Sweden,1z6l2c33w2kyz9rdefs1d68nb,Attacker,player,2002-04-23,Sweden,1z6l2c33w2kyz9rdefs1d68nb,183.0,75.0,left,11.0,active,no,,Helsingborg,,
41rqawrpfkxlg34pnqnw93xed,Oscar Karl Niclas,Hiljemark,Oscar,Hiljemark,O. Hiljemark,Sweden,1z6l2c33w2kyz9rdefs1d68nb,,coach,1992-06-28,Sweden,1z6l2c33w2kyz9rdefs1d68nb,184.0,77.0,right,,active,no,,Gislaved,,
4dmz3u7j1eoz4ofr1o8tbxedw,Oscar,Nørgaard Meedom,Oscar,Meedom,O. Meedom,Denmark,5adf60vwiw2f2mibyq1k4ex7i,Attacker,player,2005-08-16,Denmark,5adf60vwiw2f2mibyq1k4ex7i,,,,,active,no,,,,
4nuyjtf63jplthu4uhxlb9yj8,Mathias,Haugaasen,,,M. Haugaasen,Norway,7f16iy4w8u8ogyn6pfooqwv5z,,coach,1979-05-24,Norway,7f16iy4w8u8ogyn6pfooqwv5z,,,,,active,yes,,,,
4sgxth7onhb5mu29bgyupby3u,Jubril,Adedeji,,,J. Adedeji,England,1fk5l4hkqk12i7zske6mcqju6,Midfielder,player,2000-05-25,England,1fk5l4hkqk12i7zske6mcqju6,,,,7.0,active,yes,,,,
5521epytthhw9afm2r3jn3384,Valdemar,Møller Damgaard,,,V. Damgaard,Denmark,5adf60vwiw2f2mibyq1k4ex7i,Midfielder,player,2007-05-20,Denmark,5adf60vwiw2f2mibyq1k4ex7i,,,,49.0,active,yes,,,,
5lz41celw55rz3zh8pohclw5w,Oliver,Ross,Oliver,Ross,O. Ross,Denmark,5adf60vwiw2f2mibyq1k4ex7i,Attacker,player,2004-10-10,Denmark,5adf60vwiw2f2mibyq1k4ex7i,186.0,74.0,right,38.0,active,yes,,Aalborg,,
5sh5t0j4c7wfs2j4tv4jdg7v9,Josip,Posavec,Josip,Posavec,J. Posavec,Croatia,37hlakrwxyuzovaeoo4sezusp,Goalkeeper,player,1996-03-10,Croatia,37hlakrwxyuzovaeoo4sezusp,190.0,85.0,right,1.0,active,yes,,Varaždin,,
6d05w3h1odtki5z4wqojf6z56,Emmanuel,Toku,Emmanuel,Toku,E. Toku,Ghana,2q2sw72utw5gu9t5y4knckwba,Midfielder,player,2000-07-10,Ghana,2q2sw72utw5gu9t5y4knckwba,173.0,,left,17.0,active,yes,,Kumasi,,
6fno1nklmlp93liytohma0mol,Pedro Miguel,Dinis Ferreira,Pedro Miguel,Dinis Ferreira,Pedro Ferreira,Portugal,1nbm5i9a0403zzvltn17lxinc,Midfielder,player,1998-01-05,Portugal,1nbm5i9a0403zzvltn17lxinc,183.0,81.0,right,6.0,active,no,Pedro Ferreira,,,
6qx1wjqdylhlu307jg285lrrp,Kristoffer,Pallesen,Kristoffer,Pallesen,K. Pallesen,Denmark,5adf60vwiw2f2mibyq1k4ex7i,Defender,player,1990-04-30,Denmark,5adf60vwiw2f2mibyq1k4ex7i,175.0,72.0,right,2.0,retired,no,,Aarhus,,
6v1kpakd3t0jhnoh1eh75ev4k,Kasper,Davidsen,,,K. Davidsen,Denmark,5adf60vwiw2f2mibyq1k4ex7i,Midfielder,player,2005-01-25,Denmark,5adf60vwiw2f2mibyq1k4ex7i,,,right,48.0,active,yes,,,,
7165hb1x2ygl2j5weox7hy6i2,Jeppe,Pedersen,Jeppe,Pedersen,J. Pedersen,Denmark,5adf60vwiw2f2mibyq1k4ex7i,Midfielder,player,2001-03-03,Denmark,5adf60vwiw2f2mibyq1k4ex7i,180.0,72.0,right,28.0,active,no,,Hirtshals,,
7qm1t01aezewoeyu1e6lawiz8,Sebastian,Stahlfest,Sebastian,Stahlfest,S. Stahlfest,Denmark,5adf60vwiw2f2mibyq1k4ex7i,Defender,player,2004-06-17,Denmark,5adf60vwiw2f2mibyq1k4ex7i,183.0,70.0,right,36.0,active,no,,,,
7yst1mucy7jynmpzu1thox2i,Lars,Kramer,Lars,Kramer,L. Kramer,Netherlands,6hzi5pltnz67q4la8yli9qfv6,Defender,player,1999-07-11,Netherlands,6hzi5pltnz67q4la8yli9qfv6,192.0,75.0,right,4.0,active,yes,,Zaandam,,
8bfew6mf9m26cj07fq32uf2wa,Richard,Odada,Richard,Odada,R. Odada,Kenya,7bj2q2zb0n47lb9g55dnvfr2s,Midfielder,player,2000-11-25,Kenya,7bj2q2zb0n47lb9g55dnvfr2s,190.0,,,16.0,active,yes,,,Serbia,5w4ve503bjdsshwx9ho6jxzx0
8kmwxl1xblwfsb0h40mkgrlcl,Lucas,Qvistorff Andersen,Lucas,Andersen,L. Andersen,Denmark,5adf60vwiw2f2mibyq1k4ex7i,Midfielder,player,1994-09-13,Denmark,5adf60vwiw2f2mibyq1k4ex7i,184.0,72.0,right,10.0,active,no,,Aalborg,,
974s3rwvb2ls1k1no4hlaz8ph,Diego,Caballo Alonso,Diego,Caballo,Diego Caballo,Spain,49ih1pwv3ahshdf8uzrimi54c,Defender,player,1994-02-17,Spain,49ih1pwv3ahshdf8uzrimi54c,171.0,67.0,left,15.0,active,yes,,Salamanca,,
9dnceiwcpsatrdrj2m1uz6pnu,Louka Daniel,Prip Andreasen,Louka,Prip,L. Prip,Denmark,5adf60vwiw2f2mibyq1k4ex7i,Attacker,player,1997-06-29,Denmark,5adf60vwiw2f2mibyq1k4ex7i,182.0,70.0,left,18.0,active,no,,Hvidovre,,
acd2suy0kx4a4z5xfi1qiwiqx,Allan,Gonçalves Sousa,Allan,Gonçalves Sousa,Allan Sousa,Brazil,2vufyvpoxd9lfl9f6vpp7tz6y,Attacker,player,1997-01-27,Brazil,2vufyvpoxd9lfl9f6vpp7tz6y,174.0,63.0,left,7.0,active,no,Allan Sousa,,,
bb8q9cgqzw9n2tmkl8s3bth0q,Younes,Bakiz,Younes,Bakiz,Y. Bakiz,Denmark,5adf60vwiw2f2mibyq1k4ex7i,Attacker,player,1999-02-05,Denmark,5adf60vwiw2f2mibyq1k4ex7i,186.0,76.0,left,23.0,active,yes,,,,
bmz2yqayufuyy33p3drvtjgt1,Jakob,Ahlmann Nielsen,Jakob,Ahlmann,J. Ahlmann,Denmark,5adf60vwiw2f2mibyq1k4ex7i,Defender,player,1991-01-18,Denmark,5adf60vwiw2f2mibyq1k4ex7i,179.0,70.0,left,3.0,active,yes,,Ålborg,,
brinkgys7026490q3ixx6h9uc,Nóel Atli,Arnórsson,Nóel,Arnórsson,N. Arnórsson,Iceland,4jjsm5a20nnxgw5cus6b7yxc6,Midfielder,player,2006-09-30,Iceland,4jjsm5a20nnxgw5cus6b7yxc6,,,,45.0,active,yes,,,,
cdrlv6wsp2wn9sxiqvru9j2l1,Rasmus,Würtz,Rasmus,Würtz,R. Würtz,Denmark,5adf60vwiw2f2mibyq1k4ex7i,,assistant coach,1983-09-18,Denmark,5adf60vwiw2f2mibyq1k4ex7i,179.0,68.0,right,,active,yes,,Skive,,
cija98y42jt8a4spx1nzglsrt,Jonas,Ellinghaugen Skulstad,Jonas,Skulstad,J. Skulstad,Norway,7f16iy4w8u8ogyn6pfooqwv5z,Defender,player,1998-04-21,Norway,7f16iy4w8u8ogyn6pfooqwv5z,,,,24.0,active,no,,,,
cul6phe87idi5dn1hsfywxhwp,Rody,de Boer,Rody,de Boer,R. de Boer,Netherlands,6hzi5pltnz67q4la8yli9qfv6,Goalkeeper,player,1997-08-22,Netherlands,6hzi5pltnz67q4la8yli9qfv6,191.0,89.0,right,22.0,active,yes,,Den Haag,,
cw6s5hf1tytvb98vjuosz9r6d,Rasmus,Thelander,Rasmus,Thelander,R. Thelander,Denmark,5adf60vwiw2f2mibyq1k4ex7i,Defender,player,1991-07-09,Denmark,5adf60vwiw2f2mibyq1k4ex7i,190.0,87.0,right,26.0,active,yes,,København,,
de0dokhb6u6hts2hu5aupgiga,Kasper Poul,Mølgaard Jørgensen,Kasper,Jørgensen,K. Jørgensen,Denmark,5adf60vwiw2f2mibyq1k4ex7i,Defender,player,1999-11-07,Denmark,5adf60vwiw2f2mibyq1k4ex7i,185.0,80.0,right,20.0,active,yes,,,,
dq2eqqywinhsh9ijg8amqyp78,Sebastian,Otoa,Sebastian,Otoa,S. Otoa,Denmark,5adf60vwiw2f2mibyq1k4ex7i,Defender,player,2004-05-13,Denmark,5adf60vwiw2f2mibyq1k4ex7i,188.0,75.0,right,34.0,active,yes,,,,
ejixz16616b7krftxyzv9yiac,Mads,Bomholt,,,M. Bomholt,Denmark,5adf60vwiw2f2mibyq1k4ex7i,Midfielder,player,2005-12-30,Denmark,5adf60vwiw2f2mibyq1k4ex7i,,,left,32.0,active,yes,,Hadsund,,
eyx42tgneccybvhk8bfhtcaqy,Malthe,Højholt,Malthe,Højholt,M. Højholt,Denmark,5adf60vwiw2f2mibyq1k4ex7i,Midfielder,player,2001-04-16,Denmark,5adf60vwiw2f2mibyq1k4ex7i,182.0,65.0,right,14.0,active,yes,,Hjørring,,
ezi8426ran0bffeyfvloc2ihg,Mohamed Amar,Diagne,Amar,Diagne,A. Diagne,Denmark,5adf60vwiw2f2mibyq1k4ex7i,Attacker,player,2006-01-02,Denmark,5adf60vwiw2f2mibyq1k4ex7i,,,,47.0,active,yes,,,Senegal,6hhqyhr5cwq2pfprlazyposyk
rv6r0bwbl75er38wklyfpsr9,Nicklas,Helenius Jensen,Nicklas,Helenius,N. Helenius,Denmark,5adf60vwiw2f2mibyq1k4ex7i,Attacker,player,1991-05-08,Denmark,5adf60vwiw2f2mibyq1k4ex7i,196.0,85.0,right,9.0,active,yes,,Svenstrup,,
24ngh92r1pwq6msa4bpx6x2qc,Victor,Schönewolf-Greulich,,,V. Schönewolf-Greulich,Denmark,5adf60vwiw2f2mibyq1k4ex7i,Goalkeeper,player,2005-02-09,Denmark,5adf60vwiw2f2mibyq1k4ex7i,,,,25.0,active,yes,,,,
2il3e76bk2e6mro0yrbzsa9ec,Kim,Engstrøm,,,K. Engstrøm,Denmark,5adf60vwiw2f2mibyq1k4ex7i,,coach,1979-10-29,Denmark,5adf60vwiw2f2mibyq1k4ex7i,,,,,active,yes,,,,
2k5289tevc2gxo04i83io5a3u,Emil,Rosberg Møller,Emil,Møller,E. Møller,Denmark,5adf60vwiw2f2mibyq1k4ex7i,Defender,player,2004-05-31,Denmark,5adf60vwiw2f2mibyq1k4ex7i,,,,24.0,active,yes,,,,
2uellcocrvapu7o70g5zdcmad,Jacob,Egeris Pedersen,,,J. Egeris,Denmark,5adf60vwiw2f2mibyq1k4ex7i,Defender,player,1990-05-19,Mexico,5trdr3jf42i20zj1hnkvcytr6,188.0,83.0,right,5.0,active,yes,,Ixtlan,,
38shfw53eg5qtvem3d3ou04r8,Ruben,Stabell Minerba,,,R. Minerba,Denmark,5adf60vwiw2f2mibyq1k4ex7i,Defender,player,2005-05-02,Denmark,5adf60vwiw2f2mibyq1k4ex7i,187.0,,right,23.0,active,yes,,,,
3ngygpwrrb9ghyph2nmr8hb10,Karl,Noppen Bertelsen,,,K. Noppen,Denmark,5adf60vwiw2f2mibyq1k4ex7i,Defender,player,2007-02-19,Denmark,5adf60vwiw2f2mibyq1k4ex7i,,,,15.0,active,yes,,,,
4a0jmv6qmwn01iuqp1mhnyzth,Nicolaj,Thomsen,Nicolaj,Thomsen,N. Thomsen,Denmark,5adf60vwiw2f2mibyq1k4ex7i,Midfielder,player,1993-05-08,Denmark,5adf60vwiw2f2mibyq1k4ex7i,180.0,75.0,right,27.0,active,yes,,Skagen,,
4k2rr2xp1fyzsv98sphgj0d90,Thomas,Nielsen,,,T. Nielsen,Denmark,5adf60vwiw2f2mibyq1k4ex7i,Attacker,player,2005-10-26,Denmark,5adf60vwiw2f2mibyq1k4ex7i,,,,29.0,active,yes,,,,
5u9zrgsm6wycfcbk04m64wd1w,Niels Henrik,Melsæther Morberg,,,N. Morberg,Denmark,5adf60vwiw2f2mibyq1k4ex7i,Midfielder,player,2001-02-20,Denmark,5adf60vwiw2f2mibyq1k4ex7i,,,,6.0,active,yes,,,,
6dki65mdd3letfjjj51i0w3c9,Andreas,Heimer Hansen,Andreas,Heimer Hansen,A. Heimer,Denmark,5adf60vwiw2f2mibyq1k4ex7i,Midfielder,player,1997-12-10,Denmark,5adf60vwiw2f2mibyq1k4ex7i,183.0,75.0,,20.0,active,yes,,København,,
6otr0cifkk9jbmxc2ew2spka,Ahmed,Daghim,Ahmed,Daghim,A. Daghim,Denmark,5adf60vwiw2f2mibyq1k4ex7i,Midfielder,player,2001-04-07,Denmark,5adf60vwiw2f2mibyq1k4ex7i,,,right,7.0,active,yes,,,,
6rusbre4w8yqose7rmi4ief4k,Søren,Koefoed Sørensen,,,S. Sørensen,Denmark,5adf60vwiw2f2mibyq1k4ex7i,Defender,player,2000-06-08,Denmark,5adf60vwiw2f2mibyq1k4ex7i,,,,15.0,active,no,,,,
6w9yjs87tue7noq71ftksxez8,Tammer,Bany Odeh,Tammer,Bany,T. Bany,Denmark,5adf60vwiw2f2mibyq1k4ex7i,Attacker,player,2003-10-19,Denmark,5adf60vwiw2f2mibyq1k4ex7i,177.0,,,14.0,active,no,,,Palestine,1iq272xbm8xx01hiu7thq4tgt
81a5mbcfvbxke0w3cbq65ld2i,Marcus,Ryu Alstrup,Marcus,Alstrup,M. Alstrup,Denmark,5adf60vwiw2f2mibyq1k4ex7i,Goalkeeper,player,2004-03-24,Denmark,5adf60vwiw2f2mibyq1k4ex7i,,,,,active,no,,,,
82l575a54blgeqlt44q9xu3je,Antônio José,Bustamante,Antônio,Bustamante,A. Bustamante,Bolivia,3dgy24s32p56l29s66imputcy,Midfielder,player,1997-06-20,USA,7hr2f89v44y65dyu9k92vprwn,172.0,70.0,right,11.0,active,no,,"Fairfax, VA",USA,7hr2f89v44y65dyu9k92vprwn
86mx27krl6c613x6e3t9g3cic,Fisnik,Isaki,Fisnik,Isaki,F. Isaki,North Macedonia,1lesyxylc5eza0a4z87t9azcc,Attacker,player,2003-04-27,Denmark,5adf60vwiw2f2mibyq1k4ex7i,178.0,68.0,left,18.0,active,yes,,,Denmark,5adf60vwiw2f2mibyq1k4ex7i
8i0o1b8rjsab9se3v6vteqmfo,Chukwuemeka Paul,Nnamani,Chukwuemeka,Nnamani,E. Nnamani,Denmark,5adf60vwiw2f2mibyq1k4ex7i,Attacker,player,2001-11-04,Denmark,5adf60vwiw2f2mibyq1k4ex7i,183.0,,both,11.0,active,yes,Emeka,Rødovre,,
8xe0fufxfgf5cuwgysz3r2j85,Emil,Nørmark Christensen,,,E. Christensen,Denmark,5adf60vwiw2f2mibyq1k4ex7i,Defender,player,1997-07-10,Denmark,5adf60vwiw2f2mibyq1k4ex7i,190.0,83.0,,28.0,active,yes,,,,
8xfqengyrwgxhhi86ok88vf2s,Magnus,Bøttker,Magnus,Bøttker,M. Bøttker,Denmark,5adf60vwiw2f2mibyq1k4ex7i,Attacker,player,2004-08-11,Denmark,5adf60vwiw2f2mibyq1k4ex7i,,,,26.0,active,yes,,,,
9213debwtuph6cjborx73sx78,Osvald Gabriel,Søe,,,O. Søe,Denmark,5adf60vwiw2f2mibyq1k4ex7i,Defender,player,2005-03-07,Denmark,5adf60vwiw2f2mibyq1k4ex7i,187.0,,,12.0,active,yes,,,,
9y3vs6l0mjj38z0kw062jlh3p,Aris Nikolaos,Halling Vaporakis,Aris,Vaporakis,A. Vaporakis,Denmark,5adf60vwiw2f2mibyq1k4ex7i,Goalkeeper,player,1995-01-06,Denmark,5adf60vwiw2f2mibyq1k4ex7i,184.0,77.0,,1.0,active,yes,,,,
a0i74nqik3lbi02ngno0m0ys4,Abdullah,Iqbal,Abdullah,Iqbal,Abdullah Iqbal,Pakistan,4pjfgdjadjcfgts4nljt6mh0s,Defender,player,2002-07-27,Denmark,5adf60vwiw2f2mibyq1k4ex7i,,,,4.0,active,yes,Abdullah Iqbal,,Denmark,5adf60vwiw2f2mibyq1k4ex7i
a6z9meo0yksv97ntwe0q2k650,Jeppe,Erenbjerg,,,J. Erenbjerg,Denmark,5adf60vwiw2f2mibyq1k4ex7i,Attacker,player,2000-04-29,Denmark,5adf60vwiw2f2mibyq1k4ex7i,184.0,,left,10.0,active,yes,,,,
ab3nxxoj7bxlnhot9htoex1xw,Gustav,Højbjerg,,,G. Højbjerg,Denmark,5adf60vwiw2f2mibyq1k4ex7i,Defender,player,2003-12-03,Denmark,5adf60vwiw2f2mibyq1k4ex7i,187.0,,left,21.0,active,yes,,,,
as7qhgi67gngq0nb3zmwg8jro,Sebastian,Senna Clemmensen,,,S. Clemmensen,Denmark,5adf60vwiw2f2mibyq1k4ex7i,Midfielder,player,2003-09-01,Denmark,5adf60vwiw2f2mibyq1k4ex7i,179.0,70.0,left,19.0,active,yes,,,,
asv2u2ydwzhx0dxi5fds7jhg4,Gustav,Wagner Frederiksen,,,G. Frederiksen,Denmark,5adf60vwiw2f2mibyq1k4ex7i,Midfielder,player,2004-12-04,Denmark,5adf60vwiw2f2mibyq1k4ex7i,,,,31.0,active,no,,,,
b12s22klt31o16liuuce95n11,Emmanuel Ifeanyi,Ogude,,,E. Ogude,Nigeria,63pvdwrsiq5b07mzi8igqei9p,Attacker,player,1994-03-29,Nigeria,63pvdwrsiq5b07mzi8igqei9p,,,right,30.0,active,no,,,,
b2gkyjq8emj9pywryc3rycogl,Michael Aksel,Bataican Falkesgaard,Michael,Falkesgaard,M. Falkesgaard,Philippines,2bn52u7dpgfatwqumx224cczx,Goalkeeper,player,1991-04-09,Denmark,5adf60vwiw2f2mibyq1k4ex7i,191.0,81.0,right,13.0,active,yes,,,,
bvc80w5ai425plu54nhgx5fxl,Daniel,Lønborg Thøgersen,Daniel,Thøgersen,D. Thøgersen,Denmark,5adf60vwiw2f2mibyq1k4ex7i,Defender,player,2000-01-08,Denmark,5adf60vwiw2f2mibyq1k4ex7i,183.0,73.0,left,3.0,active,yes,,Esbjerg,,
chrdistk8r32vvb45nvm6prdh,Ryan,Johnson Laursen,Ryan,Laursen,R. Laursen,Denmark,5adf60vwiw2f2mibyq1k4ex7i,Defender,player,1992-04-14,USA,7hr2f89v44y65dyu9k92vprwn,182.0,79.0,right,2.0,active,yes,,Long Beach,,
dja68kdmhtsm9x5zqzgtpqas4,Tobias,Blidegn,,,T. Blidegn,Denmark,5adf60vwiw2f2mibyq1k4ex7i,Midfielder,player,2005-03-08,Denmark,5adf60vwiw2f2mibyq1k4ex7i,,,,16.0,active,yes,,,,
dnr4vm0yotogcyks3g62psd4a,Sebastian,Kroner,,,S. Kroner,Denmark,5adf60vwiw2f2mibyq1k4ex7i,Defender,player,2000-08-04,Denmark,5adf60vwiw2f2mibyq1k4ex7i,185.0,,both,17.0,active,yes,,København,,
ezbixgm2km8iapnsl57bn4wkp,Mikkel,Mouritz Jensen,,,M. Mouritz,Denmark,5adf60vwiw2f2mibyq1k4ex7i,Midfielder,player,1997-01-22,Denmark,5adf60vwiw2f2mibyq1k4ex7i,176.0,,,8.0,active,yes,,,,
kqj7nh6pqmqbt0abyyu0fcpg,Osman Abdulkadir,Addo,,,O. Addo,Denmark,5adf60vwiw2f2mibyq1k4ex7i,Attacker,player,2004-03-31,Denmark,5adf60vwiw2f2mibyq1k4ex7i,,,right,22.0,active,yes,,,,
zpl7lyln792rt0b2oedamvbo,Jonathan,Mathys,,,J. Mathys,Denmark,5adf60vwiw2f2mibyq1k4ex7i,Attacker,player,2004-01-08,Denmark,5adf60vwiw2f2mibyq1k4ex7i,185.0,,right,9.0,active,yes,,,,
1hbucfyn2l3bxcw5r4zcb1dlg,Christian William,Gammelgaard Grøndal,Christian,Gammelgaard,C. Gammelgaard,Denmark,5adf60vwiw2f2mibyq1k4ex7i,Attacker,player,2003-03-10,Denmark,5adf60vwiw2f2mibyq1k4ex7i,185.0,,left,17.0,active,yes,,,,
2of6xfvdgpsrqehwxrc39kcq2,Frederik,Carstensen,Frederik,Carstensen,F. Carstensen,Denmark,5adf60vwiw2f2mibyq1k4ex7i,Attacker,player,2002-04-09,Denmark,5adf60vwiw2f2mibyq1k4ex7i,190.0,,,12.0,active,yes,,Virklund,,
3938g251uzvj197yknpr0044p,Frederik Marius,Mehder,,,F. Mehder,Denmark,5adf60vwiw2f2mibyq1k4ex7i,Goalkeeper,player,1994-11-20,Denmark,5adf60vwiw2f2mibyq1k4ex7i,,,,33.0,active,yes,,,,
45ssaw51hm80y1tfalyesap9m,Emilio,Stuberg Simonsen,Emilio,Simonsen,E. Simonsen,Denmark,5adf60vwiw2f2mibyq1k4ex7i,Midfielder,player,1999-10-31,Denmark,5adf60vwiw2f2mibyq1k4ex7i,,,,15.0,active,yes,,,,
4smb0sorl9dms1k26si6tbqzu,Frederik,Ørsøe Christensen,Frederik,Christensen,F. Christensen,Denmark,5adf60vwiw2f2mibyq1k4ex7i,Midfielder,player,2002-06-07,Denmark,5adf60vwiw2f2mibyq1k4ex7i,180.0,,left,14.0,active,no,,Ikast,,
5ezedgrsrflkr1gi8o6eu7j3e,Mikkel,Rosleff Fischer,Mikkel,Fischer,M. Fischer,Denmark,5adf60vwiw2f2mibyq1k4ex7i,Defender,player,2004-03-23,Denmark,5adf60vwiw2f2mibyq1k4ex7i,,,right,4.0,active,yes,,,,
5lssweodhkyifhj333v6f6r6c,Tobias,Bach,Tobias,Bach,T. Bach,Denmark,5adf60vwiw2f2mibyq1k4ex7i,Midfielder,player,2003-06-04,Denmark,5adf60vwiw2f2mibyq1k4ex7i,193.0,,left,16.0,active,no,,,,
5o1k2hd9rdooxpjgbnabuh94a,Simon,Bækgård,Simon,Baekgaard,S. Bækgård,Denmark,5adf60vwiw2f2mibyq1k4ex7i,Midfielder,player,1999-10-14,Denmark,5adf60vwiw2f2mibyq1k4ex7i,179.0,73.0,,20.0,active,yes,,,,
65g5cfsdr10378yvmkpm19444,Anders,Dahl,Anders,Dahl,A. Dahl,Denmark,5adf60vwiw2f2mibyq1k4ex7i,Midfielder,player,2002-05-01,Denmark,5adf60vwiw2f2mibyq1k4ex7i,176.0,65.0,right,14.0,active,yes,,,,
6htmvmk8hnaxx8cwhc91vz7ys,Lukas Mellin,Døssing,,,L. Døssing,Denmark,5adf60vwiw2f2mibyq1k4ex7i,Goalkeeper,player,,Denmark,5adf60vwiw2f2mibyq1k4ex7i,,,,,active,yes,,,,
6lb4k3g75nzgi8bp1y1mzxkru,Patrick,Hessellund Egelund,Patrick,Egelund,P. Egelund,Denmark,5adf60vwiw2f2mibyq1k4ex7i,Midfielder,player,2000-08-02,Denmark,5adf60vwiw2f2mibyq1k4ex7i,169.0,63.0,,9.0,active,yes,,,,
6wfu6s6xo5zjeke21fgbouql0,Jakob,Vestergaard Jessen,,,J. Jessen,Denmark,5adf60vwiw2f2mibyq1k4ex7i,Midfielder,player,2004-03-05,Denmark,5adf60vwiw2f2mibyq1k4ex7i,184.0,,left,22.0,active,yes,,,,
6yev7nszmpylpqncom2gdkul1,Jeppe,Brinch-Vilhelmsen,Jeppe,Brinch,J. Brinch,Denmark,5adf60vwiw2f2mibyq1k4ex7i,Defender,player,1995-05-08,Denmark,5adf60vwiw2f2mibyq1k4ex7i,185.0,79.0,,3.0,active,yes,,,,
7uia9zlz3axnuc6usdn9u4kfe,Lundrim,Hetemi,Lundrim,Hetemi,L. Hetemi,Albania,17zsm8shejejls2on1ffil3op,Midfielder,player,2000-02-18,Denmark,5adf60vwiw2f2mibyq1k4ex7i,170.0,67.0,,24.0,active,yes,,,,
87hplgpnryqnzxtsls19p3ahh,Jeppe,Højbjerg,Jeppe,Hojbjerg,J. Højbjerg,Denmark,5adf60vwiw2f2mibyq1k4ex7i,Goalkeeper,player,1995-04-30,Denmark,5adf60vwiw2f2mibyq1k4ex7i,194.0,97.0,right,51.0,active,no,,,,
89okcigynrl2jvhyw3pjkgg7o,Victor,Hornbæk Bertelsen,,,V. Bertelsen,Denmark,5adf60vwiw2f2mibyq1k4ex7i,Attacker,player,,Denmark,5adf60vwiw2f2mibyq1k4ex7i,,,,,active,yes,,,,
8ngloyr6r0m71p8kgpfe69bvu,Sofus,Berger Brix,Sofus,Berger,S. Berger,Denmark,5adf60vwiw2f2mibyq1k4ex7i,Midfielder,player,2003-06-02,Denmark,5adf60vwiw2f2mibyq1k4ex7i,175.0,,left,21.0,active,yes,,Viborg,,
91xtn2wlot8g8ue89zn4iiyqy,Eskild,Munk Dall,Eskild,Dall,E. Dall,Denmark,5adf60vwiw2f2mibyq1k4ex7i,Attacker,player,2003-01-08,Denmark,5adf60vwiw2f2mibyq1k4ex7i,186.0,72.0,right,19.0,active,yes,,Aalborg,,
alu2zbvqoji4n1lcrh0ay9mmt,Ronnie,Schwartz Nielsen,Ronnie,Schwartz,R. Schwartz,Denmark,5adf60vwiw2f2mibyq1k4ex7i,Attacker,player,1989-08-29,Denmark,5adf60vwiw2f2mibyq1k4ex7i,183.0,78.0,right,16.0,active,yes,,Ulsted,,
ayxi2m0g0pm6rl1ba5pto66z9,Gustav,Ølsted Marcussen,Gustav,Marcussen,G. Marcussen,Denmark,5adf60vwiw2f2mibyq1k4ex7i,Midfielder,player,1998-06-12,Denmark,5adf60vwiw2f2mibyq1k4ex7i,178.0,,right,7.0,active,yes,,,,
cu2l7ju3t72stqhwaurrnqbqh,Mattias,Heðinsson Lamhauge,Mattias,Lamhauge,M. Lamhauge,Faroe Islands,1glg6jsz6v1fkk8y9pq4fqjc4,Goalkeeper,player,1999-08-02,Faroe Islands,1glg6jsz6v1fkk8y9pq4fqjc4,,,,,active,yes,,,,
di9i2ld6fdcqfcb9351peawgl,Michael,Hansen,,,M. Hansen,Denmark,5adf60vwiw2f2mibyq1k4ex7i,,coach,1971-09-22,Denmark,5adf60vwiw2f2mibyq1k4ex7i,,,,,active,yes,,,,
drzdo6ouxi5n4jafhfajpor85,Nicklas,Røjkjær,Nicklas,Røjkjær,N. Røjkjær,Denmark,5adf60vwiw2f2mibyq1k4ex7i,Midfielder,player,1998-07-24,Denmark,5adf60vwiw2f2mibyq1k4ex7i,179.0,68.0,right,10.0,active,no,,Silkeborg,,
duvhbifjh37mvlm46akiy431m,Mikkel,Juhl Aagaard Andersen,Mikkel,Juhl,M. Juhl,Denmark,5adf60vwiw2f2mibyq1k4ex7i,Defender,player,2000-01-29,Denmark,5adf60vwiw2f2mibyq1k4ex7i,178.0,,right,5.0,active,yes,,Præstø,,
e8vt8711wb40afht2v13omket,Mikkel,Wohlgemuth,Mikkel,Wohlgemuth,M. Wohlgemuth,Denmark,5adf60vwiw2f2mibyq1k4ex7i,Midfielder,player,1995-06-04,Denmark,5adf60vwiw2f2mibyq1k4ex7i,179.0,75.0,right,8.0,active,yes,,,,
ei3xmwfz8dah5e4lcbu4w98t1,Jesper,Lindorff Juelsgård,Jesper,Juelsgard,J. Juelsgård,Denmark,5adf60vwiw2f2mibyq1k4ex7i,Defender,player,1989-01-26,Denmark,5adf60vwiw2f2mibyq1k4ex7i,180.0,82.0,left,18.0,active,yes,,Spjald,,
eiy7fhqxdx3ypg4dq4454hpbe,Valdemar,Birksø Thorsen,Valdemar,Birksø,V. Birksø,Denmark,5adf60vwiw2f2mibyq1k4ex7i,Goalkeeper,player,2001-03-17,Denmark,5adf60vwiw2f2mibyq1k4ex7i,,,,1.0,active,yes,,Brande,,
elheowoqzb5jq07fpw19g85bd,Jeppe,Spliid Gertsen,Jeppe,Gertsen,J. Gertsen,Denmark,5adf60vwiw2f2mibyq1k4ex7i,Defender,player,1997-02-09,Denmark,5adf60vwiw2f2mibyq1k4ex7i,190.0,82.0,,6.0,active,no,,Aarhus,,
f5do9kh6590dwx2732iak0edx,Anders,Bak Holvad,Anders,Holvad,A. Holvad,Denmark,5adf60vwiw2f2mibyq1k4ex7i,Attacker,player,1990-06-24,Denmark,5adf60vwiw2f2mibyq1k4ex7i,187.0,74.0,,17.0,active,no,,,,
hm7w2b4a6j0q3bprq118r5uy,Adam Emil,Skaanning Jakobsen,Adam,Jakobsen,A. Jakobsen,Denmark,5adf60vwiw2f2mibyq1k4ex7i,Attacker,player,1999-04-07,Denmark,5adf60vwiw2f2mibyq1k4ex7i,185.0,81.0,right,11.0,active,no,,københavn,,
vhi48idnigudh60qxq6eacph,Nicolaj,Ritter,,,N. Ritter,Denmark,5adf60vwiw2f2mibyq1k4ex7i,Defender,player,1992-05-08,Denmark,5adf60vwiw2f2mibyq1k4ex7i,180.0,71.0,both,2.0,active,yes,,Brovst,,
10ild3i9vwegiehbmfi0nivbo,Tobias,Lindegaard Elmelund,,,T. Elmelund,Denmark,5adf60vwiw2f2mibyq1k4ex7i,Midfielder,player,2005-03-22,Denmark,5adf60vwiw2f2mibyq1k4ex7i,,,,44.0,active,yes,,,,
1c4de71uwwve9ohwuwj5vpal1,Álvaro Márcio,Santos,,,Álvaro Santos,Brazil,2vufyvpoxd9lfl9f6vpp7tz6y,,coach,1980-01-30,Brazil,2vufyvpoxd9lfl9f6vpp7tz6y,181.0,88.0,,,active,yes,,São Paulo,,
1fjkjzsei9slx2t4zhsqdkve1,Monday Bassey,Etim,,,M. Etim,Nigeria,63pvdwrsiq5b07mzi8igqei9p,Attacker,player,1998-12-04,Nigeria,63pvdwrsiq5b07mzi8igqei9p,175.0,74.0,,11.0,active,yes,,Calabar,,
1n4t6k5k2on5iihoc59brxi3t,Oliver,Vugrin Flindt Drost,Oliver,Drost,O. Drost,Denmark,5adf60vwiw2f2mibyq1k4ex7i,Attacker,player,1995-11-04,Denmark,5adf60vwiw2f2mibyq1k4ex7i,187.0,,,9.0,active,no,,,,
1t8i9ukfi9ipcb2sllbsrgus,Victor,Harboe Olsen,,,V. Harboe,Denmark,5adf60vwiw2f2mibyq1k4ex7i,Attacker,player,2005-12-31,Denmark,5adf60vwiw2f2mibyq1k4ex7i,,,,45.0,active,yes,,,,
2n4w77c099dyp51f44djz50tm,Mathias,Brems Jensen,Mathias,Brems,M. Brems,Denmark,5adf60vwiw2f2mibyq1k4ex7i,Defender,player,2002-03-13,Denmark,5adf60vwiw2f2mibyq1k4ex7i,,,,39.0,active,yes,,,,
43d5sonjnxeharv3oprcbzfv8,Mathias,Bill,,,M. Bill,Denmark,5adf60vwiw2f2mibyq1k4ex7i,Attacker,player,2004-05-28,Denmark,5adf60vwiw2f2mibyq1k4ex7i,,,,24.0,active,no,,,,
45bcgucg627rhrdgt8tn9hd9m,Kasper,Thiesson Kristensen,Kasper,Kristensen,K. Kristensen,Denmark,5adf60vwiw2f2mibyq1k4ex7i,Goalkeeper,player,1999-08-04,Denmark,5adf60vwiw2f2mibyq1k4ex7i,191.0,75.0,right,1.0,active,yes,,Aarhus,,
493oawiuqa79h1hm8av4sbgus,Frederik,Onsberg Marker,,,F. Marker,Denmark,5adf60vwiw2f2mibyq1k4ex7i,Midfielder,player,2005-05-11,Denmark,5adf60vwiw2f2mibyq1k4ex7i,,,,47.0,active,yes,,,,
56rxae8dp79um72eq07d9tzis,Hjalte,Tarp Madsen,,,H. Tarp Madsen,Denmark,5adf60vwiw2f2mibyq1k4ex7i,Midfielder,player,2006-10-23,Denmark,5adf60vwiw2f2mibyq1k4ex7i,,,,,active,yes,,,,
5dkmh0f8c1o1uye07m28hkatx,Jacob,Toppel Schoop,Jacob,Schoop,J. Schoop,Denmark,5adf60vwiw2f2mibyq1k4ex7i,Midfielder,player,1988-12-23,Denmark,5adf60vwiw2f2mibyq1k4ex7i,176.0,68.0,,20.0,active,yes,,,,
5l4gputgu1kti0fygivtpf7u2,Emil,Wass,Emil,Wass,E. Wass,Denmark,5adf60vwiw2f2mibyq1k4ex7i,Midfielder,player,1999-02-21,Denmark,5adf60vwiw2f2mibyq1k4ex7i,,,,29.0,active,no,,,,
5ojtpz2h5kjoaq3cwcfjrf6c5,Frederik,Helstrup Jensen,Frederik,Helstrup,F. Helstrup,Denmark,5adf60vwiw2f2mibyq1k4ex7i,Defender,player,1993-03-16,Denmark,5adf60vwiw2f2mibyq1k4ex7i,188.0,82.0,both,3.0,active,yes,,København,,
5r4gz9m0mvpu7b8mcx1o1zn55,Jakob,Warburg Johansson,Jakob,Johansson,J. Johansson,Denmark,5adf60vwiw2f2mibyq1k4ex7i,Attacker,player,1998-08-06,Denmark,5adf60vwiw2f2mibyq1k4ex7i,,,,,active,no,,,,
5w0giylttgiapseaw6qky0mxg,Frederik,Juul Christensen,,,F. Christensen,Denmark,5adf60vwiw2f2mibyq1k4ex7i,Midfielder,player,2000-01-19,Denmark,5adf60vwiw2f2mibyq1k4ex7i,176.0,70.0,,23.0,active,yes,,,,
684e0s2d07g8o4o0kd1e2odlh,Stan,van Bladeren,Stan,van Bladeren,S. van Bladeren,Netherlands,6hzi5pltnz67q4la8yli9qfv6,Goalkeeper,player,1997-10-01,Netherlands,6hzi5pltnz67q4la8yli9qfv6,184.0,,right,41.0,active,yes,,Voorhout,,
71wfumggsne28ieaiuwezyaj9,Ferhan,Hasani,Ferhan,Hasani,F. Hasani,North Macedonia,1lesyxylc5eza0a4z87t9azcc,Midfielder,player,1990-06-18,North Macedonia,1lesyxylc5eza0a4z87t9azcc,189.0,76.0,right,10.0,active,yes,,Tetovo,,
7k2c7wgoywy7boesjer5578q1,Frederik,Ibsen,Frederik,Ibsen,F. Ibsen,Denmark,5adf60vwiw2f2mibyq1k4ex7i,Goalkeeper,player,1997-03-28,Denmark,5adf60vwiw2f2mibyq1k4ex7i,186.0,80.0,right,1.0,active,no,,,,
7mz3eeftobqmj35uu0ax1vbhl,Mikkel,Knudsen,Mikkel,Knudsen,M. Knudsen,Denmark,5adf60vwiw2f2mibyq1k4ex7i,Defender,player,1993-07-21,Denmark,5adf60vwiw2f2mibyq1k4ex7i,185.0,,,4.0,active,yes,,,,
7y8qjl0c3jf16gbz546gu37dg,Marcos Kayck,Morais de Oliveira,Marcos Kayck,Morais de Oliveira,Marcos Kayck,Brazil,2vufyvpoxd9lfl9f6vpp7tz6y,Attacker,player,2003-11-03,Brazil,2vufyvpoxd9lfl9f6vpp7tz6y,,,,,active,no,Marcos Kayck,,,
83bjase2xf2o9x839ey4l0j6c,Souheib,Yekdah,,,S. Yekdah,France,7gww28djs405rfga69smki84o,Midfielder,player,,France,7gww28djs405rfga69smki84o,,,,,active,yes,,,,
879e945hnd4yun1dkgl205vdg,Mingus Valdemar,Geisnæs Hesselholt,,,M. Hesselholt,Denmark,5adf60vwiw2f2mibyq1k4ex7i,Attacker,player,2006-01-23,Denmark,5adf60vwiw2f2mibyq1k4ex7i,,,,,active,yes,,,,
8fv2a7mnj98zcgfy7gph1xa1g,Hjalte,Søborg Petersen,,,H. Petersen,Denmark,5adf60vwiw2f2mibyq1k4ex7i,Goalkeeper,player,2002-05-25,Denmark,5adf60vwiw2f2mibyq1k4ex7i,,,,31.0,active,yes,,,,
8rca5ubs4sceptlozciq296cq,Ludvig August,Carlius,Ludwig,Carlius,L. Carlius,Sweden,1z6l2c33w2kyz9rdefs1d68nb,Midfielder,player,2001-03-14,Sweden,1z6l2c33w2kyz9rdefs1d68nb,,,,18.0,active,yes,,,,
8uzx6yb66zjn0ke2rwqlg7wus,Mel Yannick Joel,Agnero,Yannick,Agnero,Y. Agnero,Côte d'Ivoire,tin6kf561ywonqan0mettr98,Attacker,player,2003-02-20,Côte d'Ivoire,tin6kf561ywonqan0mettr98,184.0,,right,9.0,active,yes,,,,
9b89pmcjk6re94bjp0ixeatjo,Frederik Rasmus,Christensen,,,F. Christensen,Denmark,5adf60vwiw2f2mibyq1k4ex7i,Attacker,player,2001-01-18,Denmark,5adf60vwiw2f2mibyq1k4ex7i,194.0,,right,17.0,active,no,,,,
9ircna8pbskreztmy1wiqwx9m,Sterling Siloe,Yatéké,Sterling,Yatéké,S. Yatéké,Central African Republic,4grlavjd5jd86praiug1voxmd,Attacker,player,1999-09-15,Central African Republic,4grlavjd5jd86praiug1voxmd,184.0,80.0,right,19.0,active,yes,,Bangui,,
9pe1f6qsbm9j1i3wt63d7jvqi,John,Bredal,,,J. Bredal,Denmark,5adf60vwiw2f2mibyq1k4ex7i,,assistant coach,1963-08-12,Denmark,5adf60vwiw2f2mibyq1k4ex7i,,,,,active,yes,,,,
a8pt1gxf4e1fwqdim9vhsjsb8,Sebastian,Slettegaard Petersen,,,S. Slettegaard,Denmark,5adf60vwiw2f2mibyq1k4ex7i,Defender,player,2005-10-28,Denmark,5adf60vwiw2f2mibyq1k4ex7i,,,,,active,yes,,,,
a8y17yuoeo5ad25juugfnjy1g,Rasmus,Dupont Lindén,,,R. Lindén,Denmark,5adf60vwiw2f2mibyq1k4ex7i,Attacker,player,2004-04-10,Denmark,5adf60vwiw2f2mibyq1k4ex7i,175.0,,right,15.0,active,yes,,Hillerød,,
a8zxp4qf5nw7eumulk3z3d15g,Mathias Minik,Fals Schandorff Christensen,,,M. Christensen,Denmark,5adf60vwiw2f2mibyq1k4ex7i,Midfielder,player,2001-11-10,Denmark,5adf60vwiw2f2mibyq1k4ex7i,,,,14.0,active,yes,,,,
ahs6m7vvgmj6ydqok7as4nx0,Robert,Marcus,,,R. Marcus,Denmark,5adf60vwiw2f2mibyq1k4ex7i,Midfielder,player,2004-01-23,Denmark,5adf60vwiw2f2mibyq1k4ex7i,,,,21.0,active,no,,,,
b55jtl3ixolidn6cvc4t90efo,Jakob,Vadstrup Larsen,Jakob,Vadstrup,J. Vadstrup,Denmark,5adf60vwiw2f2mibyq1k4ex7i,Defender,player,2003-07-30,Denmark,5adf60vwiw2f2mibyq1k4ex7i,,,,6.0,active,yes,,,,
b8tw9d3b8tgnfezy68vadwnx0,Frederik,Karlsen,,,F. Karlsen,Denmark,5adf60vwiw2f2mibyq1k4ex7i,Defender,player,2004-11-19,Denmark,5adf60vwiw2f2mibyq1k4ex7i,,,both,22.0,active,yes,,,,
bhsfahebxovo3dr1nz5nzqn10,Donart,Bexheti,,,D. Bexheti,Denmark,5adf60vwiw2f2mibyq1k4ex7i,Attacker,player,,Denmark,5adf60vwiw2f2mibyq1k4ex7i,,,,,active,yes,,,,
c319um8g0k94cufcv0cfywcno,Alexander,Hvid Edvardsen,,,A. Hvid,Denmark,5adf60vwiw2f2mibyq1k4ex7i,Attacker,player,2004-03-02,Denmark,5adf60vwiw2f2mibyq1k4ex7i,,,,25.0,active,yes,,,,
c3okou4sh3r5i7mei6lpjks4q,Ben Mikael,Engdahl,Ben,Engdahl,B. Engdahl,Sweden,1z6l2c33w2kyz9rdefs1d68nb,Defender,player,2003-09-17,Sweden,1z6l2c33w2kyz9rdefs1d68nb,179.0,69.0,right,24.0,active,yes,,,,
cgaosi8nwcq3jyfi67iihahyi,Hektor,Højbjerre-Thomsen,Hektor,Højbjerre-Thomsen,H. Højbjerre-Thomsen,Denmark,5adf60vwiw2f2mibyq1k4ex7i,Midfielder,player,2002-02-04,Denmark,5adf60vwiw2f2mibyq1k4ex7i,183.0,,right,27.0,active,no,,,,
d43hrj4xi5xdij00jplvqju1h,Daniel,Norouzi,,,D. Norouzi,Denmark,5adf60vwiw2f2mibyq1k4ex7i,Midfielder,player,1992-01-03,Iran,e53g9hr2d3kasm34uumbg8r4,,,,88.0,active,yes,,,,
dcj1r91o3t276o924heml8stl,Souheib,Dhaflaoui,,,S. Dhaflaoui,Denmark,5adf60vwiw2f2mibyq1k4ex7i,Midfielder,player,1996-05-08,Denmark,5adf60vwiw2f2mibyq1k4ex7i,,,,68.0,active,yes,,,,
dijsnwotozcyyreas8n3oehw4,Lucas Junior Jesper,Larsen,,,L. Larsen,Sweden,1z6l2c33w2kyz9rdefs1d68nb,Defender,player,2002-08-12,Sweden,1z6l2c33w2kyz9rdefs1d68nb,,,,5.0,active,yes,,,,
dsn7m5pm574argz1d7ofgjmj9,Erik Mats Simon,Andersson,Erik,Andersson,E. Andersson,Sweden,1z6l2c33w2kyz9rdefs1d68nb,Midfielder,player,1997-05-03,Sweden,1z6l2c33w2kyz9rdefs1d68nb,179.0,78.0,,7.0,active,yes,Erik Andersson,Malmö,,
e28vnripq7f1eyxmewplbp250,Cornelius Seamus,Bjerregård Kilpatrick,,,C. Kilpatrick,Denmark,5adf60vwiw2f2mibyq1k4ex7i,Midfielder,player,2006-05-31,Denmark,5adf60vwiw2f2mibyq1k4ex7i,,,,,active,yes,,,,
edxnlomiqbzt71l5aob22rmj9,Jayce Lee,Mascarenhas-Olivero,Jayce,Olivero,J. Olivero,Gibraltar,1uebysp0nph4vtqw6gsv347jw,Defender,player,1998-07-02,Gibraltar,1uebysp0nph4vtqw6gsv347jw,182.0,,left,12.0,active,no,,,,
eghsr9dfuel5vr3o3uogs2ot0,Nikolaj,Bagger,,,N. Bagger,Denmark,5adf60vwiw2f2mibyq1k4ex7i,Defender,player,2005-11-04,Denmark,5adf60vwiw2f2mibyq1k4ex7i,174.0,,right,43.0,active,yes,,,,
ersburboye1ic6pxc36ytm4et,Saku Tuomas Severi,Ylätupa,Saku,Ylätupa,S. Ylätupa,Finland,2u07e54v5dprsugdvddpq5ync,Attacker,player,1999-08-04,Finland,2u07e54v5dprsugdvddpq5ync,171.0,75.0,both,8.0,active,yes,,Espoo,,
eyvv6b94feknnp1uew6n0ytat,Nicklas Mouritz,Mouritsen,Nicklas,Mouritsen,N. Mouritsen,Denmark,5adf60vwiw2f2mibyq1k4ex7i,Defender,player,1995-03-15,Denmark,5adf60vwiw2f2mibyq1k4ex7i,180.0,73.0,left,5.0,active,no,,København,,
khqldwfq14b7giakss24l9t5,Kasper,Enghardt Pedersen,Kasper,Enghardt,K. Enghardt,Denmark,5adf60vwiw2f2mibyq1k4ex7i,Defender,player,1992-05-27,Denmark,5adf60vwiw2f2mibyq1k4ex7i,186.0,79.0,,2.0,active,yes,,,,
y3gbqxmdntxpihfne37nph5g,Daniel,Pedersen,,,D. Pedersen,Denmark,5adf60vwiw2f2mibyq1k4ex7i,,coach,1987-06-09,Denmark,5adf60vwiw2f2mibyq1k4ex7i,,,,,active,no,,,,
18g25rcpd99fe1gvr48uoqmtw,Emil,Villumsen,,,E. Villumsen,Denmark,5adf60vwiw2f2mibyq1k4ex7i,Defender,player,2006-09-19,Denmark,5adf60vwiw2f2mibyq1k4ex7i,,,,30.0,active,yes,,,,
1icurh5jrnw1e6jdgqxjnhdnu,Gabriël,Çulhacı,Gabriël,Culhaci,G. Çulhacı,Netherlands,6hzi5pltnz67q4la8yli9qfv6,Defender,player,1999-12-30,Netherlands,6hzi5pltnz67q4la8yli9qfv6,178.0,,left,,active,yes,,Amsterdam,,
22o2j24rzpniduvi4lv3eeyy2,Casper,Gedsted Hansen,Casper,Gedsted,C. Gedsted,Denmark,5adf60vwiw2f2mibyq1k4ex7i,Defender,player,2002-02-04,Denmark,5adf60vwiw2f2mibyq1k4ex7i,174.0,70.0,right,5.0,active,yes,,,,
2lc9bt5639t572il73e9y044,Dulat,Talyspaev,,,D. Talyspaev,Kazakhstan,6kewn14jj4ncyzghlbu61hna6,Goalkeeper,player,2005-08-23,Kazakhstan,6kewn14jj4ncyzghlbu61hna6,188.0,,right,,active,yes,,,,
2pm5oqzyonn0dysa5nszgq3xm,Hans Christian,Bonnesen,,,H. Bonnesen,Denmark,5adf60vwiw2f2mibyq1k4ex7i,Defender,player,2001-03-17,Denmark,5adf60vwiw2f2mibyq1k4ex7i,,,,,active,yes,,,,
3j17sy1es1n95b6wldq0guuad,Sebastian Linnet,John,,,S. John,Denmark,5adf60vwiw2f2mibyq1k4ex7i,Goalkeeper,player,1996-03-26,Denmark,5adf60vwiw2f2mibyq1k4ex7i,,,,1.0,active,no,,,,
3mcj3wypzq3lno1ehc0vif1sl,Jafar Aurelio,Miguel Arias,Jafar,Arias,J. Arias,Curaçao,5im58ram567ao2fbnz39sm8vk,Attacker,player,1995-06-16,Curaçao,5im58ram567ao2fbnz39sm8vk,191.0,78.0,right,,active,yes,,Willemstad,Netherlands,6hzi5pltnz67q4la8yli9qfv6
3mgrufy83uhzs9liw8pwxi784,Gabriel,Larsen,,,G. Larsen,Denmark,5adf60vwiw2f2mibyq1k4ex7i,Midfielder,player,2006-12-20,Denmark,5adf60vwiw2f2mibyq1k4ex7i,,,,28.0,active,yes,,,,
4m7gr5z6b40dj02yrmlwgeluc,Sebastian,Larsen,,,S. Larsen,Denmark,5adf60vwiw2f2mibyq1k4ex7i,Defender,player,2004-05-25,Denmark,5adf60vwiw2f2mibyq1k4ex7i,,,,13.0,active,yes,,,,
4s4vcup6qe0t74b82ojfb2w44,Rasmus,Lynder,,,R. Lynder,Denmark,5adf60vwiw2f2mibyq1k4ex7i,Midfielder,player,2007-02-15,Denmark,5adf60vwiw2f2mibyq1k4ex7i,,,,,active,no,,,,
4sgxth7onhb5mu29bgyupby3u,Jubril,Adedeji,,,J. Adedeji,England,1fk5l4hkqk12i7zske6mcqju6,Midfielder,player,2000-05-25,England,1fk5l4hkqk12i7zske6mcqju6,,,,14.0,active,no,,,,
4ti8pdx03j8dh4mdb626ltmvo,Niklas,Jakobsen,,,N. Jakobsen,Denmark,5adf60vwiw2f2mibyq1k4ex7i,Midfielder,player,2005-10-05,Denmark,5adf60vwiw2f2mibyq1k4ex7i,,,,21.0,active,yes,,,,
5nved2kta2hk8103hkyhq33hm,Mattias,Jakobsen,Mattias,Jakobsen,M. Jakobsen,Denmark,5adf60vwiw2f2mibyq1k4ex7i,Defender,player,2003-01-08,Denmark,5adf60vwiw2f2mibyq1k4ex7i,,,,3.0,active,yes,,,,
5rz2yptd4ha5ko6z6zwgzrxed,Gregg,Ryder,Gregg,Ryder,G. Ryder,England,1fk5l4hkqk12i7zske6mcqju6,,assistant coach,1988-01-11,England,1fk5l4hkqk12i7zske6mcqju6,,,,,active,no,,,,
5wizqdz9pct40x11j2y3y0wh6,Effiong,Nsungusi Junior,,,E. Nsungusi,Nigeria,63pvdwrsiq5b07mzi8igqei9p,Attacker,player,1999-11-04,Nigeria,63pvdwrsiq5b07mzi8igqei9p,195.0,,,,active,no,,,,
619s1phj5bkgkug3aszc1y9cl,Mike,Lindemann Jensen,Mike,Jensen,M. Jensen,Denmark,5adf60vwiw2f2mibyq1k4ex7i,Midfielder,player,1988-02-19,Denmark,5adf60vwiw2f2mibyq1k4ex7i,177.0,75.0,right,7.0,active,yes,,,,
67p0s4o54xcmiustgy8k5gljo,Silas,Hald,,,S. Hald,Denmark,5adf60vwiw2f2mibyq1k4ex7i,Defender,player,2006-09-02,Denmark,5adf60vwiw2f2mibyq1k4ex7i,,,right,16.0,active,yes,,,,
6orujbbswf771s9rv0dcd8kd0,Basem,Alkhoudari,,,B. Alkhoudari,Denmark,5adf60vwiw2f2mibyq1k4ex7i,Attacker,player,2006-10-22,Denmark,5adf60vwiw2f2mibyq1k4ex7i,,,left,17.0,active,yes,,,,
70q01jst0ykmyg3c8w01afefp,Frederik,Bay,Frederik,Bay,F. Bay,Denmark,5adf60vwiw2f2mibyq1k4ex7i,Defender,player,1997-08-06,Denmark,5adf60vwiw2f2mibyq1k4ex7i,177.0,71.0,left,3.0,active,no,,,,
74m58jsznzu8l89b8h7rkh1bd,Christian Emil Tue,Jensen,Christian,Jensen,C. Jensen,Denmark,5adf60vwiw2f2mibyq1k4ex7i,Midfielder,player,2000-03-09,Denmark,5adf60vwiw2f2mibyq1k4ex7i,,,,10.0,active,yes,,,,
76haeglj7ab88ikhym8hw6uol,Nemanja,Cavnić,,,N. Cavnić,Montenegro,1411jebgwo2ja1erogsq81lg9,Defender,player,1995-09-05,Montenegro,1411jebgwo2ja1erogsq81lg9,192.0,86.0,,4.0,active,no,,Podgorica,,
7tijn3mz3caivct99bmp0q68k,Vinicius Faloni,Degn Pedersen,,,V. Pedersen,Denmark,5adf60vwiw2f2mibyq1k4ex7i,Midfielder,player,2007-03-01,Denmark,5adf60vwiw2f2mibyq1k4ex7i,,,,25.0,active,yes,,,,
7ztdirfvd9d0x2yw1v051xzbo,William,Madsen,,,W. Madsen,Denmark,5adf60vwiw2f2mibyq1k4ex7i,Midfielder,player,2002-04-05,Denmark,5adf60vwiw2f2mibyq1k4ex7i,,,,8.0,active,yes,,,,
8qzac8nxm8nxbckdaisnooutw,Erkan,Semovski,,,E. Semovski,North Macedonia,1lesyxylc5eza0a4z87t9azcc,Attacker,player,2004-11-23,Denmark,5adf60vwiw2f2mibyq1k4ex7i,181.0,,,19.0,active,yes,,,Denmark,5adf60vwiw2f2mibyq1k4ex7i
8ypf9ih1936oqs0rb00k8cjkk,Mikkel,Durlev,,,M. Durlev,Denmark,5adf60vwiw2f2mibyq1k4ex7i,Defender,player,2005-03-17,Denmark,5adf60vwiw2f2mibyq1k4ex7i,,,,,active,yes,,,,
98zlz2sscsf6vb7d52ici074k,Youssef,Dhaflaoui,,,Y. Dhaflaoui,Tunisia,2um1icx6ftp1auliaxyw0ou6y,Midfielder,player,2002-07-03,Tunisia,2um1icx6ftp1auliaxyw0ou6y,,,,9.0,active,yes,,København,,
9fvf8z6p8ok0n5vu999ysfywa,Casper,Jørgensen,,,C. Jørgensen,Denmark,5adf60vwiw2f2mibyq1k4ex7i,Midfielder,player,2002-08-20,Denmark,5adf60vwiw2f2mibyq1k4ex7i,185.0,,left,24.0,active,yes,,,,
akiwokthm1z7rbifshqhs24t1,Pierre,Dahlin Larsen,Pierre,Larsen,P. Larsen,Denmark,5adf60vwiw2f2mibyq1k4ex7i,Attacker,player,1994-07-16,Denmark,5adf60vwiw2f2mibyq1k4ex7i,,,both,10.0,active,no,Pierre Larsen,,,
am3509ake84cde1xhb9264i22,Marcus,Mustac Gudmann,Marcus,Gudmann,M. Gudmann,Denmark,5adf60vwiw2f2mibyq1k4ex7i,Defender,player,2000-02-27,Denmark,5adf60vwiw2f2mibyq1k4ex7i,,,,2.0,active,yes,,,,
bmvcofmie6om4muxij4kdkro4,Ifenna,Dorgu,,,I. Dorgu,Denmark,5adf60vwiw2f2mibyq1k4ex7i,Attacker,player,2006-08-23,Denmark,5adf60vwiw2f2mibyq1k4ex7i,,,,27.0,active,yes,,,,
bnqw3m446pe19tgmnv2jcoatx,Nicklas,Pedersen,Nicklas,Pedersen,N. Pedersen,Denmark,5adf60vwiw2f2mibyq1k4ex7i,,coach,1987-10-10,Denmark,5adf60vwiw2f2mibyq1k4ex7i,187.0,76.0,right,,active,yes,,Køge,,
buaka9pirc7bjhvtlexe6ojdg,Lennart,Kragh,,,L. Kragh,Denmark,5adf60vwiw2f2mibyq1k4ex7i,,assistant coach,1987-06-26,Denmark,5adf60vwiw2f2mibyq1k4ex7i,,,,,active,yes,,,,
cptyf0icqfjv8wm49pcy0uw44,Janus,Rex Seehusen,,,J. Seehusen,Denmark,5adf60vwiw2f2mibyq1k4ex7i,Midfielder,player,2003-01-07,Denmark,5adf60vwiw2f2mibyq1k4ex7i,,,,6.0,active,yes,,,,
d2otdesf6fxo0zjmrenoi074k,Durmus,Efe Bayrak,,,D. Bayrak,Denmark,5adf60vwiw2f2mibyq1k4ex7i,Defender,player,2006-12-11,Denmark,5adf60vwiw2f2mibyq1k4ex7i,,,,15.0,active,yes,,,,
d2ukggo2v5jsw4pctznmaijo4,Alfred,Gøthler,,,A. Gøthler,Denmark,5adf60vwiw2f2mibyq1k4ex7i,Attacker,player,,Denmark,5adf60vwiw2f2mibyq1k4ex7i,,,,29.0,active,yes,,,,
d8zder7jh6spg9gt9z1hewoic,Tobias,Heidmann Pedersen,,,T. Pedersen,Denmark,5adf60vwiw2f2mibyq1k4ex7i,Midfielder,player,2001-02-16,Denmark,5adf60vwiw2f2mibyq1k4ex7i,,,,20.0,active,no,,,,
dqqswfn9s1tdxjoslts8ks6xg,Berkant,Bayrak,,,B. Bayrak,Türkiye,6kd6webenogylfgwt2aa9l6vx,Goalkeeper,player,2005-01-28,Türkiye,6kd6webenogylfgwt2aa9l6vx,,,,12.0,active,yes,,,,
e0u730to91qqtvvx16uhajz10,Saman,Jalaei,,,S. Jalaei,Denmark,5adf60vwiw2f2mibyq1k4ex7i,Attacker,player,2006-06-04,Denmark,5adf60vwiw2f2mibyq1k4ex7i,170.0,,,32.0,active,yes,,,Iran,e53g9hr2d3kasm34uumbg8r4
e2aqcawslcbpp88nia8eko2y1,Joachim,Juhl Rothmann,Joachim,Rothmann,J. Rothmann,Denmark,5adf60vwiw2f2mibyq1k4ex7i,Attacker,player,2000-06-29,Denmark,5adf60vwiw2f2mibyq1k4ex7i,,,,11.0,active,yes,,,,
etv86c76faputyvch964nju38,Lukas,Schmidt,,,L. Schmidt,Denmark,5adf60vwiw2f2mibyq1k4ex7i,Midfielder,player,2006-02-26,Denmark,5adf60vwiw2f2mibyq1k4ex7i,,,,26.0,active,yes,,,,
wp2346fam5l8qou27jvrxpg4,Yahyie,Shirzai,,,Yahyie Shirzai,Afghanistan,6xne7xe59eujck02uovziom7p,Defender,player,2005-05-22,Afghanistan,6xne7xe59eujck02uovziom7p,,,,18.0,active,yes,,,,
1n4eldqa7h9jvcx1693zqu06i,Tobias,Arndal,Tobias,Arndal,T. Arndal,Denmark,5adf60vwiw2f2mibyq1k4ex7i,Midfielder,player,1997-09-01,Denmark,5adf60vwiw2f2mibyq1k4ex7i,185.0,79.0,right,8.0,active,yes,,Odense,,
2p4mbqt7hvjz5frre6b3nppl,Christian,Lønstrup,Christian,Lonstrup,C. Lønstrup,Denmark,5adf60vwiw2f2mibyq1k4ex7i,,coach,1971-04-04,Denmark,5adf60vwiw2f2mibyq1k4ex7i,186.0,,,,active,yes,,Gentofte,,
2tcdx5rp7vujnlid4oqqxdogk,Marinus,Due Grandt,,,M. Due Grandt,Denmark,5adf60vwiw2f2mibyq1k4ex7i,Midfielder,player,2000-03-24,Denmark,5adf60vwiw2f2mibyq1k4ex7i,,,,6.0,active,yes,,,,
3bf4r3xgrs0ttlhgzb93as5t6,Mads,Høyer Julø,,,M. Julø,Denmark,5adf60vwiw2f2mibyq1k4ex7i,Attacker,player,1998-03-13,Denmark,5adf60vwiw2f2mibyq1k4ex7i,,,,15.0,active,yes,,,,
3epwf56ozg73hueacwmckk0r9,Sebastian,Pingel,Sebastian,Pingel,S. Pingel,Denmark,5adf60vwiw2f2mibyq1k4ex7i,Attacker,player,1993-05-11,Denmark,5adf60vwiw2f2mibyq1k4ex7i,,,,81.0,active,yes,,,,
3rok7i8nrt4yzx2melj4qiuqc,Solomon,Opoku,,,S. Opoku,Denmark,5adf60vwiw2f2mibyq1k4ex7i,Midfielder,player,2004-04-07,Denmark,5adf60vwiw2f2mibyq1k4ex7i,,,,14.0,active,yes,,,,
4a6emqle5148kxvcragef8ez9,Rasmus Jeppe,Minor Petersen,Rasmus,Minor Petersen,R. Petersen,Denmark,5adf60vwiw2f2mibyq1k4ex7i,Defender,player,1988-09-13,Denmark,5adf60vwiw2f2mibyq1k4ex7i,198.0,94.0,left,29.0,active,yes,,Svendborg,,
4csz412vb3lquessbnf999ct0,Adam,Ahmad,,,A. Ahmad,Denmark,5adf60vwiw2f2mibyq1k4ex7i,Attacker,player,2003-06-25,Denmark,5adf60vwiw2f2mibyq1k4ex7i,,,,11.0,active,yes,,,,
4jffzt29zh209d3xsqw6xdb3e,Filip,Panjeskovic,Filip,Panjeskovic,F. Panjeskovic,Denmark,5adf60vwiw2f2mibyq1k4ex7i,Defender,player,2003-01-16,Denmark,5adf60vwiw2f2mibyq1k4ex7i,,,right,27.0,active,yes,,,,
56owszkppkee93e4vwtezmg44,Hjalte,Just Dalsgaard,,,H. Dalsgaard,Denmark,5adf60vwiw2f2mibyq1k4ex7i,Goalkeeper,player,2004-04-20,Denmark,5adf60vwiw2f2mibyq1k4ex7i,185.0,,right,30.0,active,yes,,Hillerød,,
5dlh0fa9yo6z283w9p58xmnoq,Nicklas Bjerre,Schmidt,,,N. Schmidt,Denmark,5adf60vwiw2f2mibyq1k4ex7i,Midfielder,player,1995-11-09,Denmark,5adf60vwiw2f2mibyq1k4ex7i,,,,12.0,active,yes,,,,
5i6n6yne6fh410vk7p7kkokmi,Gregers,Arndal-Lauritzen,Gregers,Arndal-Lauritzen,G. Arndal-Lauritzen,Denmark,5adf60vwiw2f2mibyq1k4ex7i,Defender,player,1998-05-03,Denmark,5adf60vwiw2f2mibyq1k4ex7i,187.0,80.0,left,4.0,active,yes,,,,
5p4ogf7v6mh2dx5xotbr54ro4,Johannes,Houborg,,,J. Houborg,Denmark,5adf60vwiw2f2mibyq1k4ex7i,Attacker,player,1997-12-10,Denmark,5adf60vwiw2f2mibyq1k4ex7i,,,,,active,yes,,,,
5z7y55t2o577r8ki3i5855as,Jonathan,Witt,,,J. Witt,Denmark,5adf60vwiw2f2mibyq1k4ex7i,Defender,player,1992-12-06,Denmark,5adf60vwiw2f2mibyq1k4ex7i,,,,7.0,active,yes,,,,
6syvcq2uvup9v54ql4pl1s5pl,Ovays,Azizi,Ovays,Azizi,Ovays Azizi,Afghanistan,6xne7xe59eujck02uovziom7p,Goalkeeper,player,1992-01-29,Afghanistan,6xne7xe59eujck02uovziom7p,190.0,,right,1.0,active,yes,Ovays Azizi,Herat,Denmark,5adf60vwiw2f2mibyq1k4ex7i
73zwo9lvgzvri6s5gp34b2hnt,Ahmed,Hassan Ahmad,,,A. Hassan,Denmark,5adf60vwiw2f2mibyq1k4ex7i,Attacker,player,1997-01-01,Denmark,5adf60vwiw2f2mibyq1k4ex7i,180.0,,,16.0,active,no,,,,
7l7f98nn8gohmdacsdb2labkk,Alessio,Alicino,,,A. Alicino,Denmark,5adf60vwiw2f2mibyq1k4ex7i,Midfielder,player,2001-10-12,Italy,25f2cmb2r8mk5rj92tzer6kvv,,,both,34.0,active,yes,,,,
85s00xohkxaor9nmp7s17qwa1,Asger,Højmark-Jensen,,,A. Højmark-Jensen,Denmark,5adf60vwiw2f2mibyq1k4ex7i,Attacker,player,1995-10-21,Denmark,5adf60vwiw2f2mibyq1k4ex7i,,,,23.0,active,no,,,,
8gqvlydur0v4cpmz1ozqkejh0,Marco,Bruhn,,,M. Bruhn,Denmark,5adf60vwiw2f2mibyq1k4ex7i,Attacker,player,2004-11-12,Denmark,5adf60vwiw2f2mibyq1k4ex7i,,,right,90.0,active,yes,,,,
8qz0rnws9m4fya37kzvdnsi6s,Jonatan Marvin,Rindom,,,J. Rindom,Denmark,5adf60vwiw2f2mibyq1k4ex7i,Midfielder,player,2003-10-13,Denmark,5adf60vwiw2f2mibyq1k4ex7i,,,,70.0,active,yes,,,,
9350utk4onh2hv5jznxqpkd7t,Rasmus,Kawiecky Møller,,,R. Møller,Denmark,5adf60vwiw2f2mibyq1k4ex7i,Defender,player,2000-05-03,Denmark,5adf60vwiw2f2mibyq1k4ex7i,,,,2.0,active,yes,,,,
9emem7oh2302y6ojbmd5m67mc,Victor,Mohr,,,V. Mohr,Denmark,5adf60vwiw2f2mibyq1k4ex7i,Midfielder,player,2004-08-26,Denmark,5adf60vwiw2f2mibyq1k4ex7i,181.0,,right,24.0,active,no,,,,
9h6c9ue598hllcri39erjitqs,William,Lykke,William,Lykke,W. Lykke,Denmark,5adf60vwiw2f2mibyq1k4ex7i,Goalkeeper,player,2004-09-28,Denmark,5adf60vwiw2f2mibyq1k4ex7i,,,,38.0,active,yes,,,,
9lsylzgf7e3i5zb0fshnxo6xg,Simon,Friis Sharif,,,S. Sharif,Denmark,5adf60vwiw2f2mibyq1k4ex7i,Defender,player,1997-11-10,Denmark,5adf60vwiw2f2mibyq1k4ex7i,,,,18.0,active,yes,,,,
antm5oo1jm123zizf3gwjzt2h,Essam,Salamoun,,,E. Salamoun,Denmark,5adf60vwiw2f2mibyq1k4ex7i,Midfielder,player,1996-12-26,Denmark,5adf60vwiw2f2mibyq1k4ex7i,,,,22.0,active,no,,,,
bgd377c7d3jfjd3yo3e02f0iy,Valdemar,Schousboe,Valdemar,Schousboe,V. Schousboe,Denmark,5adf60vwiw2f2mibyq1k4ex7i,Attacker,player,1997-08-01,Denmark,5adf60vwiw2f2mibyq1k4ex7i,,,,9.0,active,yes,,,,
bop31qof3lon7u6rvmb68ktzp,Markus,Strøm Bay,,,M. Bay,Denmark,5adf60vwiw2f2mibyq1k4ex7i,Midfielder,player,1997-02-17,Denmark,5adf60vwiw2f2mibyq1k4ex7i,,,right,19.0,active,yes,,Brøndby,,
bpldj4qdzfdm1n739atcadbmc,Berzan,Kücükylidiz,,,B. Kücükylidiz,Denmark,5adf60vwiw2f2mibyq1k4ex7i,Midfielder,player,2000-10-04,Denmark,5adf60vwiw2f2mibyq1k4ex7i,,,,20.0,active,yes,,,,
btxki9aj7wbzk8ridshh87uju,Mathias,Juul Kisum,,,M. Kisum,Denmark,5adf60vwiw2f2mibyq1k4ex7i,Midfielder,player,1999-05-20,Denmark,5adf60vwiw2f2mibyq1k4ex7i,,,,10.0,active,yes,,,,
e53x85cl6m94gvp593p1ddjpw,Mads-Emil,Langberg,Mads-Emil,Langberg,M. Langberg,Denmark,5adf60vwiw2f2mibyq1k4ex7i,Defender,player,2002-02-21,Denmark,5adf60vwiw2f2mibyq1k4ex7i,,,,28.0,active,no,,,,
efy4jghg9hh8jtqdczhxsgvai,Anton Mikael Kühl Underbjerg,Pedersen,,,A. Pedersen,Denmark,5adf60vwiw2f2mibyq1k4ex7i,Defender,player,2000-06-08,Denmark,5adf60vwiw2f2mibyq1k4ex7i,,,,3.0,active,yes,,,,
elsygne5tjybbxrqgehtovnro,Lucas,Bøje-Larsen,,,L. Bøje-Larsen,Denmark,5adf60vwiw2f2mibyq1k4ex7i,Defender,player,2001-02-09,Denmark,5adf60vwiw2f2mibyq1k4ex7i,,,,5.0,active,yes,,,,
mvsf89bc3bmb24sgheuy8hsk,Matin Majid,Al-Atlassi,,,M. Al-Atlassi,Denmark,5adf60vwiw2f2mibyq1k4ex7i,Midfielder,player,1998-08-02,Denmark,5adf60vwiw2f2mibyq1k4ex7i,,,,13.0,active,no,,,,
uiyol728wan4mxco2foplknp,Adrian,Rúnason Justinussen,Adrian,Justinussen,A. Justinussen,Faroe Islands,1glg6jsz6v1fkk8y9pq4fqjc4,Midfielder,player,1998-07-21,Faroe Islands,1glg6jsz6v1fkk8y9pq4fqjc4,,,,17.0,active,yes,,,,
14s6gnwtyhhe9df6czc8mip78,Adis,Hadzimujic,,,A. Hadzimujic,Denmark,5adf60vwiw2f2mibyq1k4ex7i,Midfielder,player,,Denmark,5adf60vwiw2f2mibyq1k4ex7i,,,,,active,no,,,,
16ti31sz3otifak7151bru3v8,Daniel,Veiby Held,Daniel,Held,D. Held,Denmark,5adf60vwiw2f2mibyq1k4ex7i,Goalkeeper,player,2005-03-21,Denmark,5adf60vwiw2f2mibyq1k4ex7i,191.0,77.0,left,34.0,active,yes,,,,
1f510mbuc4i1mmshqlgim5u6s,Oliver,Harbo Overgaard,,,O. Overgaard,Denmark,5adf60vwiw2f2mibyq1k4ex7i,Midfielder,player,2002-04-07,Denmark,5adf60vwiw2f2mibyq1k4ex7i,,,,24.0,active,yes,,,,
1xcf8y3egy8j0g2c6xkcx6o6h,Frederik,Mortensen,,,F. Mortensen,Denmark,5adf60vwiw2f2mibyq1k4ex7i,Midfielder,player,1998-10-30,Denmark,5adf60vwiw2f2mibyq1k4ex7i,176.0,77.0,,6.0,active,yes,,,,
3qjm9ada1em0wt6ti5l352q96,Frederik,Elkær,Frederik,Elkaer,F. Elkær,Denmark,5adf60vwiw2f2mibyq1k4ex7i,Defender,player,2001-12-11,Denmark,5adf60vwiw2f2mibyq1k4ex7i,,,,23.0,active,no,,,,
4c9cr7oxmbe87rr1yb4dt1p1w,Lukas,Sneftrup Christensen,,,L. Christensen,Denmark,5adf60vwiw2f2mibyq1k4ex7i,Midfielder,player,2004-12-13,Denmark,5adf60vwiw2f2mibyq1k4ex7i,,,,28.0,active,yes,,,,
4krwgfspxdgpq1pli11b04iga,Muamer,Brajanac,Muamer,Brajanac,M. Brajanac,Denmark,5adf60vwiw2f2mibyq1k4ex7i,Attacker,player,2001-02-15,Denmark,5adf60vwiw2f2mibyq1k4ex7i,189.0,,right,10.0,active,no,,,Bosnia and Herzegovina,4fue8u54361o79fbiu9qwxjer
4ri26wiqeesjbca6tpuw67ai,Soumaïla,Ouattara,Soumaila,Ouattara,S. Ouattara,Burkina Faso,2ggql4uo9h0p3c67wkm68ibol,Defender,player,1995-07-04,Burkina Faso,2ggql4uo9h0p3c67wkm68ibol,,,right,5.0,active,yes,,,,
5jyv1dctfxa6335l1mlifwavo,Mikkel,Boye,,,M. Boye,Denmark,5adf60vwiw2f2mibyq1k4ex7i,Attacker,player,2007-04-05,Denmark,5adf60vwiw2f2mibyq1k4ex7i,192.0,,right,40.0,active,yes,,,,
6bv0j0ezhh9u5u5hqz64p790q,Marius Haudrum,Jacobsen,Marius,Haudrum Jacobsen,M. Jacobsen,Denmark,5adf60vwiw2f2mibyq1k4ex7i,Defender,player,2004-01-13,Denmark,5adf60vwiw2f2mibyq1k4ex7i,,,,12.0,active,yes,,,,
8gdfn7j6xac9p4jh94hk40jdg,Jesper,Cornelius,,,J. Cornelius,Denmark,5adf60vwiw2f2mibyq1k4ex7i,Attacker,player,2001-06-26,Denmark,5adf60vwiw2f2mibyq1k4ex7i,,,,14.0,active,yes,,,,
8iodn9a5r7pk47uqcx67i7i8k,Jens Sebastian,Beraque Rasmussen,Sebastian,Rasmussen,S. Beraque,Philippines,2bn52u7dpgfatwqumx224cczx,Attacker,player,2002-06-17,Philippines,2bn52u7dpgfatwqumx224cczx,,,,15.0,active,yes,,Aarhus,,
8nav5b7f3g14uh4iethwpirit,Jacob,Tjørnelund,Jacob,Tjørnelund,J. Tjørnelund,Denmark,5adf60vwiw2f2mibyq1k4ex7i,Defender,player,1991-12-31,Denmark,5adf60vwiw2f2mibyq1k4ex7i,183.0,78.0,right,4.0,active,no,,,,
8q8yol44e42o9hwttlopznvh0,Max,Nielsen,,,M. Nielsen,Denmark,5adf60vwiw2f2mibyq1k4ex7i,Defender,player,2004-10-25,Denmark,5adf60vwiw2f2mibyq1k4ex7i,,,right,22.0,active,yes,,,,
8wql45w71t7ifmk62r4zsca38,Rasmus Frank,Johansen,,,R. Johansen,Denmark,5adf60vwiw2f2mibyq1k4ex7i,Defender,player,2003-03-22,Denmark,5adf60vwiw2f2mibyq1k4ex7i,,,,26.0,active,yes,,,,
9b89pmcjk6re94bjp0ixeatjo,Frederik Rasmus,Christensen,,,F. Christensen,Denmark,5adf60vwiw2f2mibyq1k4ex7i,Attacker,player,2001-01-18,Denmark,5adf60vwiw2f2mibyq1k4ex7i,194.0,,right,9.0,active,yes,,,,
az9x5coo3hl4qkt16x24pp5re,Moubarack,Compaoré,Moubarack,Compaoré,M. Compaoré,Burkina Faso,2ggql4uo9h0p3c67wkm68ibol,Attacker,player,2002-09-24,Burkina Faso,2ggql4uo9h0p3c67wkm68ibol,178.0,,,20.0,active,yes,,,,
b20lp3ufi88q4pckp39hsjbsa,Jonathan,Frost Fischer,Jonathan,Fischer,J. Fischer,Denmark,5adf60vwiw2f2mibyq1k4ex7i,Goalkeeper,player,2001-11-09,Denmark,5adf60vwiw2f2mibyq1k4ex7i,,,,16.0,active,no,,,,
beu3ypladd5dexnm9x946kjkk,Alexander,Nathan,,,A. Nathan,Denmark,5adf60vwiw2f2mibyq1k4ex7i,Midfielder,player,2006-03-23,Denmark,5adf60vwiw2f2mibyq1k4ex7i,,,,,active,yes,,,,
bgk8lqv11jhwxo5m1rjlfdz4k,William Ansgar,Smith Tønning,William Ansgar,Smith Tønning,W. Tønning,Denmark,5adf60vwiw2f2mibyq1k4ex7i,Goalkeeper,player,1999-05-14,Denmark,5adf60vwiw2f2mibyq1k4ex7i,188.0,,right,73.0,active,no,,Slagelse,Canada,1iaoypzp6syf32cz9l15pzp7e
bp232fgjrfyok2471ec7u1tcl,Mathias,Laustrup Kristensen,Mathias,Kristensen,M. Kristensen,Denmark,5adf60vwiw2f2mibyq1k4ex7i,Midfielder,player,1997-03-21,Denmark,5adf60vwiw2f2mibyq1k4ex7i,187.0,77.0,right,11.0,active,yes,Mathias Kristensen,,,
bpoqmt2dwwsm57vdfrm9stvro,Laurits,Nørby,,,L. Nørby,Denmark,5adf60vwiw2f2mibyq1k4ex7i,Defender,player,2004-06-29,Denmark,5adf60vwiw2f2mibyq1k4ex7i,,,,50.0,active,yes,,,,
byo84y6tes11u0ug2gg971yzu,Christopher,Bobber Elgaard Møller,Christopher,Moller,C. Møller,Denmark,5adf60vwiw2f2mibyq1k4ex7i,Goalkeeper,player,2003-04-04,Denmark,5adf60vwiw2f2mibyq1k4ex7i,,,,25.0,active,yes,,,,
cflwegqpzch8y30pb3dhigqnd,Emil,Søgaard Jensen,,,E. Søgaard,Denmark,5adf60vwiw2f2mibyq1k4ex7i,Defender,player,1996-11-30,Denmark,5adf60vwiw2f2mibyq1k4ex7i,,,,18.0,active,yes,,,,
cuufy3ioo1kio56er2cfn0mqc,Mads,Lautrup Freundlich,,,M. Freundlich,Denmark,5adf60vwiw2f2mibyq1k4ex7i,Midfielder,player,2003-03-25,Denmark,5adf60vwiw2f2mibyq1k4ex7i,,,,33.0,active,yes,,,,
d15dtwvizu35wrpgviagx54b8,Konrad,Lyngø Gaardsøe,,,K. Lyngø Gaardsøe,Denmark,5adf60vwiw2f2mibyq1k4ex7i,Midfielder,player,2007-07-09,Denmark,5adf60vwiw2f2mibyq1k4ex7i,,,,,active,yes,,,,
dg41tes6yfdqktd9rzi7mq3h0,Jens,Justesen,,,J. Justesen,Denmark,5adf60vwiw2f2mibyq1k4ex7i,Attacker,player,2004-09-27,Denmark,5adf60vwiw2f2mibyq1k4ex7i,,,,,active,yes,,,,
dks42ixnh6n3utbuqmovk3a50,Abdoul Said Razack,Yoda,Abdoul,Yoda,A. Yoda,Burkina Faso,2ggql4uo9h0p3c67wkm68ibol,Midfielder,player,2000-12-20,Burkina Faso,2ggql4uo9h0p3c67wkm68ibol,182.0,75.0,,21.0,active,yes,,,,
dppuijohq1dfgwzfs2u1lynkl,Simon,Skov Jakobsen,Simon,Jakobsen,S. Jakobsen,Denmark,5adf60vwiw2f2mibyq1k4ex7i,Defender,player,1990-11-17,Denmark,5adf60vwiw2f2mibyq1k4ex7i,191.0,86.0,,2.0,active,yes,,Silkeborg,,
dwuxps3jv2852642q000wep6,Villads,Rasmussen,,,V. Rasmussen,Denmark,5adf60vwiw2f2mibyq1k4ex7i,Midfielder,player,2001-11-27,Denmark,5adf60vwiw2f2mibyq1k4ex7i,,,,17.0,active,yes,,,,
dxv40hh07gxq4hn0i6dwb2l4a,Andreas,Søndergaard,Andreas,Söndergaard,A. Søndergaard,Denmark,5adf60vwiw2f2mibyq1k4ex7i,Goalkeeper,player,2001-01-17,Denmark,5adf60vwiw2f2mibyq1k4ex7i,,,,1.0,active,yes,,,,
e19g5bz7s9wqcvj8mttztxi0a,Oliver Augustus,Sparre Klitten,Oliver,Klitten,O. Klitten,Denmark,5adf60vwiw2f2mibyq1k4ex7i,Attacker,player,2000-05-01,Denmark,5adf60vwiw2f2mibyq1k4ex7i,,,,7.0,active,yes,,,,
ea2x4o6ufsqoz2zz7tqcnvo16,Lukas,Sparre Klitten,Lukas,Klitten,L. Klitten,Denmark,5adf60vwiw2f2mibyq1k4ex7i,Defender,player,2000-05-01,Denmark,5adf60vwiw2f2mibyq1k4ex7i,193.0,70.0,left,27.0,active,yes,,Aalborg,,
ebd3uvtt54wkdsahc2127j02c,Frederik,Dietz Nielsen,,,F. Dietz,Denmark,5adf60vwiw2f2mibyq1k4ex7i,Defender,player,2003-10-08,Denmark,5adf60vwiw2f2mibyq1k4ex7i,,,,13.0,active,yes,,,,
efubck8twu1elbhlomltnjjtg,Richmond,Gyamfi,,,R. Gyamfi,Ghana,2q2sw72utw5gu9t5y4knckwba,Attacker,player,2004-09-09,Ghana,2q2sw72utw5gu9t5y4knckwba,,,,19.0,active,yes,,,,
ew927mi250fb7j5nf7scu16fp,Martin,Thomsen,,,M. Thomsen,Denmark,5adf60vwiw2f2mibyq1k4ex7i,,coach,1982-08-06,Denmark,5adf60vwiw2f2mibyq1k4ex7i,183.0,84.0,,,active,yes,,Hobro,,
iygkwt0uv3gt899wmlbwc296,Laurs,Østerby Skjellerup,Laurs,Skjellerup,L. Skjellerup,Denmark,5adf60vwiw2f2mibyq1k4ex7i,Attacker,player,2002-08-12,Denmark,5adf60vwiw2f2mibyq1k4ex7i,195.0,,right,9.0,active,no,,,,
k3qdvvg6cmatp55ivsa9714a,Christian,Brøgger Hørby,Christian,Hørby,C. Hørby,Denmark,5adf60vwiw2f2mibyq1k4ex7i,Midfielder,player,2001-03-18,Denmark,5adf60vwiw2f2mibyq1k4ex7i,,,,8.0,active,yes,,,,
lu9bber07etravimh00k745x,Jesper,Bøge Pedersen,Jesper,Bøge,J. Bøge,Denmark,5adf60vwiw2f2mibyq1k4ex7i,Defender,player,1990-02-22,Denmark,5adf60vwiw2f2mibyq1k4ex7i,180.0,70.0,right,3.0,active,yes,,,,
xd4gm9uiq807dri1gs3ltclw,Joachim Justsen,Andersen,,,J. Andersen,Denmark,5adf60vwiw2f2mibyq1k4ex7i,Goalkeeper,player,2006-04-24,Denmark,5adf60vwiw2f2mibyq1k4ex7i,195.0,77.0,right,16.0,active,yes,,,,
1c1089x0q8l4klj3dz7jmkh78,Omar Sheik,Ali,,,O. Ali,Denmark,5adf60vwiw2f2mibyq1k4ex7i,Midfielder,player,2007-06-30,Denmark,5adf60vwiw2f2mibyq1k4ex7i,,,,,active,yes,,,,
1nn1wc14k9zd3wtu73loj7kes,Paul,Ngongo Iversen,,,P. Ngongo,Denmark,5adf60vwiw2f2mibyq1k4ex7i,Attacker,player,2000-05-23,Denmark,5adf60vwiw2f2mibyq1k4ex7i,,,,7.0,active,yes,,,,
24t4ulsxyeufbmnnht3bru3md,Sebastian,Denius Nielsen,,,S. Denius,Denmark,5adf60vwiw2f2mibyq1k4ex7i,Midfielder,player,1995-06-08,Denmark,5adf60vwiw2f2mibyq1k4ex7i,,,,34.0,active,no,,,,
259axcx9672z4ojo2g766ypzo,Mark,Schmidt,,,M. Schmidt,Denmark,5adf60vwiw2f2mibyq1k4ex7i,Defender,player,,Denmark,5adf60vwiw2f2mibyq1k4ex7i,,,,,active,yes,,,,
2o8ixlj5a60v1ksfqph5q2k89,Simon,Trier Jakobsen,,,S. Trier,Denmark,5adf60vwiw2f2mibyq1k4ex7i,Defender,player,1998-07-06,Denmark,5adf60vwiw2f2mibyq1k4ex7i,183.0,80.0,both,24.0,active,no,,,,
37mo55lynu3blqnb8k9ln8k16,Patrick,Lindholm Tjørnelund,Patrick,Tjørnelund,P. Tjørnelund,Denmark,5adf60vwiw2f2mibyq1k4ex7i,Defender,player,2002-04-05,Denmark,5adf60vwiw2f2mibyq1k4ex7i,,,,2.0,active,yes,,,,
3l0wq19mq865qi29ndtb0axn9,Thomas,Friis Mikkelsen,Thomas,Mikkelsen,T. Mikkelsen,Denmark,5adf60vwiw2f2mibyq1k4ex7i,Attacker,player,1990-01-19,Denmark,5adf60vwiw2f2mibyq1k4ex7i,188.0,83.0,right,9.0,active,yes,,Bredebro,,
3xz0h3d6r2qgmv9egms8yaz56,Christian,Vestergaard,Christian,Vestergaard,C. Vestergaard,Denmark,5adf60vwiw2f2mibyq1k4ex7i,Defender,player,2001-04-26,Denmark,5adf60vwiw2f2mibyq1k4ex7i,193.0,,,4.0,active,yes,,,,
3ywgt5v070xudujs9f7cuqm7d,Jacob,Vetter Laursen,,,J. Vetter,Denmark,5adf60vwiw2f2mibyq1k4ex7i,Defender,player,1998-08-05,Denmark,5adf60vwiw2f2mibyq1k4ex7i,,,,30.0,active,yes,,,,
4tbch5xcj60qkybw4r3wg7kr9,Kristoffer,Bangsbo Wichmann,,,K. Wichmann,Denmark,5adf60vwiw2f2mibyq1k4ex7i,,coach,1981-06-16,Denmark,5adf60vwiw2f2mibyq1k4ex7i,189.0,85.0,,,active,yes,,,,
5h74cjs805y0ohpjpwzb19pg4,Viktor,Rosenkrantz,,,V. Rosenkrantz,Denmark,5adf60vwiw2f2mibyq1k4ex7i,Goalkeeper,player,2006-03-18,Denmark,5adf60vwiw2f2mibyq1k4ex7i,,,,,active,yes,,,,
5jdkdvxssuc8gvzwwrq5bs76y,Tobias,Sommer Sørensen,Tobias,Sommer,T. Sommer,Denmark,5adf60vwiw2f2mibyq1k4ex7i,Midfielder,player,2001-11-27,Denmark,5adf60vwiw2f2mibyq1k4ex7i,,,,19.0,active,no,,,,
5q4p56lg1vjsqo824aql0e1d6,Dalton James,Wilkins,Dalton,Wilkins,D. Wilkins,New Zealand,wcq2y28a27syx5do1k2i2nj8,Defender,player,1999-04-15,New Zealand,wcq2y28a27syx5do1k2i2nj8,181.0,61.0,,5.0,active,no,,,,
6bajck5osvj7trnwt2a5mc3dg,Isak Frederik,Tånnander,,,I. Tånnander,Denmark,5adf60vwiw2f2mibyq1k4ex7i,Midfielder,player,2001-06-24,Denmark,5adf60vwiw2f2mibyq1k4ex7i,,,,22.0,active,yes,,,,
6qtjqrmnsknncx959xdfmwoic,Dijanis,Dudic,,,D. Dudic,Denmark,5adf60vwiw2f2mibyq1k4ex7i,Attacker,player,2006-04-12,Denmark,5adf60vwiw2f2mibyq1k4ex7i,,,,,active,yes,,,,
6sdv4s8oz558wfhx72vwlpvu2,Lennart Franklin,Moser,Lennart,Moser,L. Moser,Germany,36min0qztu8eydwvpv8t1is0m,Goalkeeper,player,1999-12-06,Germany,36min0qztu8eydwvpv8t1is0m,196.0,88.0,left,99.0,active,yes,,Berlin,,
7165hb1x2ygl2j5weox7hy6i2,Jeppe,Pedersen,Jeppe,Pedersen,J. Pedersen,Denmark,5adf60vwiw2f2mibyq1k4ex7i,Midfielder,player,2001-03-03,Denmark,5adf60vwiw2f2mibyq1k4ex7i,180.0,72.0,right,17.0,active,yes,,Hirtshals,,
77ukg02lmfn6r70xfkw9607op,Sebastian Sommer,Sørensen,,,S. Sommer,Denmark,5adf60vwiw2f2mibyq1k4ex7i,Midfielder,player,1996-04-08,Denmark,5adf60vwiw2f2mibyq1k4ex7i,186.0,72.0,,6.0,active,yes,,,,
7nt9il7b9vvtgfco15bdpfpx,Mikkel,Jespersen,,,M. Jespersen,Denmark,5adf60vwiw2f2mibyq1k4ex7i,Midfielder,player,1991-06-11,Denmark,5adf60vwiw2f2mibyq1k4ex7i,,,,29.0,active,yes,,,,
7xde75gwrng67wvjkugv9xih,Christoffer Felix,Cornelius Petersen,,,C. Petersen,Denmark,5adf60vwiw2f2mibyq1k4ex7i,Goalkeeper,player,1997-10-20,Denmark,5adf60vwiw2f2mibyq1k4ex7i,,,,1.0,active,yes,,,,
8bm71c4c8n042rn1bm15f6fbo,Jesper,Sørensen,,,J. Sørensen,Denmark,5adf60vwiw2f2mibyq1k4ex7i,Goalkeeper,player,2003-04-11,Denmark,5adf60vwiw2f2mibyq1k4ex7i,,,,33.0,active,no,,,,
8ewvm6ux4yvpwgrzjkc1chqwa,Albert,Nørager,,,A. Nørager,Denmark,5adf60vwiw2f2mibyq1k4ex7i,Defender,player,1999-10-29,Denmark,5adf60vwiw2f2mibyq1k4ex7i,,,,3.0,active,yes,,,,
8h3cyhuw5049gcxrsld3rw1ec,Villads,Westh,Villads,Westh,V. Westh,Denmark,5adf60vwiw2f2mibyq1k4ex7i,Midfielder,player,2004-04-25,Denmark,5adf60vwiw2f2mibyq1k4ex7i,182.0,73.0,left,18.0,active,yes,,,,
932yrcg5whf7qk0o70cx5n88a,Mathias,Kristensen,Mathias,Kristensen,M. Kristensen,Denmark,5adf60vwiw2f2mibyq1k4ex7i,Attacker,player,1993-06-24,Denmark,5adf60vwiw2f2mibyq1k4ex7i,201.0,80.0,right,15.0,active,yes,,,,
93aftijgywz8ipt0e9i3ia1w4,Christian,Boyum Johansen,,,C. Boyum,Denmark,5adf60vwiw2f2mibyq1k4ex7i,Defender,player,,Denmark,5adf60vwiw2f2mibyq1k4ex7i,,,,,active,yes,,,,
9d3o7jvtrmybswt14x5tq4hrd,Davíð,Ingvarsson,Davíd,Ingvarsson,D. Ingvarsson,Iceland,4jjsm5a20nnxgw5cus6b7yxc6,Defender,player,1999-04-25,Iceland,4jjsm5a20nnxgw5cus6b7yxc6,,,,,active,yes,,,,
9yxkfqh2rr1rl68otq7ty9jhl,Dieudonne,Kouassi Yao,Yao,Dieudonne,D. Yao,Côte d'Ivoire,tin6kf561ywonqan0mettr98,Attacker,player,1997-02-14,Côte d'Ivoire,tin6kf561ywonqan0mettr98,178.0,,left,11.0,active,no,,,,
ae86fel4p9nioy219v3lg62hg,Kyrylo,Shushman,,,K. Shushman,Ukraine,315w6fk6umfzf4qvba3t55u61,Goalkeeper,player,2004-08-05,Ukraine,315w6fk6umfzf4qvba3t55u61,,,,27.0,active,yes,,,,
atpzaapboc464gg54zjpb6vx0,Johan,Børresen Guldbrand,,,J. Guldbrand,Denmark,5adf60vwiw2f2mibyq1k4ex7i,Midfielder,player,2006-04-28,Denmark,5adf60vwiw2f2mibyq1k4ex7i,,,,20.0,active,yes,,,,
b6l4m6bmqgil9bjjov4tnuivo,Christoffer,Palm,,,C. Palm,Denmark,5adf60vwiw2f2mibyq1k4ex7i,Midfielder,player,2002-03-30,Denmark,5adf60vwiw2f2mibyq1k4ex7i,,,,14.0,active,yes,,,,
bos3uipv4qefg67bdlr0us5w,Emil Flemming,Laustsen,,,E. Laustsen,Denmark,5adf60vwiw2f2mibyq1k4ex7i,Defender,player,2005-03-23,Denmark,5adf60vwiw2f2mibyq1k4ex7i,,,right,12.0,active,yes,,,,
c1kv9ybtguhs625d1vwlwa6ay,Jakob,Kiilerich Rask,Jakob,Kiilerich,J. Kiilerich,Denmark,5adf60vwiw2f2mibyq1k4ex7i,Defender,player,2000-05-10,Denmark,5adf60vwiw2f2mibyq1k4ex7i,190.0,,left,13.0,active,no,,,,
dqp8e2et9fm9r6zo47u1njq50,Nemo,Thomsen,,,N. Thomsen,Greenland,9luu0jtbgpsk9oetk60qql5re,Attacker,player,2004-04-05,Greenland,9luu0jtbgpsk9oetk60qql5re,,,,21.0,active,no,,,,
dqssvdpt2iwg8qn9wto3miind,Ari,Leifsson,Ari,Leifsson,A. Leifsson,Iceland,4jjsm5a20nnxgw5cus6b7yxc6,Defender,player,1998-04-19,Iceland,4jjsm5a20nnxgw5cus6b7yxc6,193.0,,,5.0,active,yes,,Reykjavík,,
dvnd5025v01tme7xzayw6jhn8,Nicolai,Bossen,,,N. Bossen,Denmark,5adf60vwiw2f2mibyq1k4ex7i,Attacker,player,2006-02-02,Denmark,5adf60vwiw2f2mibyq1k4ex7i,,,,25.0,active,yes,,,,
dyzzo6n83rg4fpvmqqa69moes,Asker,Beck Jensen,Asker,Beck,A. Beck,Denmark,5adf60vwiw2f2mibyq1k4ex7i,Midfielder,player,2003-07-07,Denmark,5adf60vwiw2f2mibyq1k4ex7i,,,,16.0,active,yes,,,,
e3546n3qj447qgmizao50zx1w,Frederik,Brinch Møller,,,F. Møller,Denmark,5adf60vwiw2f2mibyq1k4ex7i,Midfielder,player,2005-12-21,Denmark,5adf60vwiw2f2mibyq1k4ex7i,,,,,active,yes,,,,
eja5wel1vk3bq6nf416b4ajft,Christian Kudsk,Mortensen,Christian,Kudsk,C. Kudsk,Denmark,5adf60vwiw2f2mibyq1k4ex7i,Midfielder,player,1998-01-09,Denmark,5adf60vwiw2f2mibyq1k4ex7i,,,,10.0,active,no,,,,
f1ba9g771s0zeel0titcj3omi,Abdoulie,Njai,,,A. Njai,Denmark,5adf60vwiw2f2mibyq1k4ex7i,Midfielder,player,1997-07-10,Denmark,5adf60vwiw2f2mibyq1k4ex7i,185.0,,,11.0,active,yes,,København,Gambia,4ix3ulx7h2a09r16jo9qdbuvp
f58yr2jmfp8kpgprfxbokt1t6,Mike,Vestergård,,,M. Vestergård,Denmark,5adf60vwiw2f2mibyq1k4ex7i,Midfielder,player,1997-11-19,Denmark,5adf60vwiw2f2mibyq1k4ex7i,,,,8.0,active,yes,,,,
tmcnw2lx5r40x2n1jgk198us,Lukas,Bulow Møller,,,L. Møller,Denmark,5adf60vwiw2f2mibyq1k4ex7i,Defender,player,2005-01-14,Denmark,5adf60vwiw2f2mibyq1k4ex7i,185.0,,right,,active,yes,,,,
137yh9yoooy7uo7on8arbcjro,Herman Junior,Kameni,,,H. Kameni,Cameroon,4eb9feio6u267dd1jcwaf38mt,Attacker,player,2001-05-14,Cameroon,4eb9feio6u267dd1jcwaf38mt,,,,,active,yes,,Cameroon,,
17zahtopt5x8nvrrv5g6ool49,Mathias,Høst,,,M. Høst,Denmark,5adf60vwiw2f2mibyq1k4ex7i,Defender,player,1998-09-02,Denmark,5adf60vwiw2f2mibyq1k4ex7i,,,,5.0,active,yes,,,,
1hk0w8yjuxe53g6iw9q0wjcic,Valdemar,Kjær Mikkelsen,,,V. Mikkelsen,Denmark,5adf60vwiw2f2mibyq1k4ex7i,Attacker,player,2005-04-03,Denmark,5adf60vwiw2f2mibyq1k4ex7i,,,,24.0,active,yes,,,,
23qknnqc6885diyi50phjss7p,Albert,Ejupi,Albert,Ejupi,A. Ejupi,Sweden,1z6l2c33w2kyz9rdefs1d68nb,Midfielder,player,1992-08-28,Sweden,1z6l2c33w2kyz9rdefs1d68nb,191.0,85.0,,,active,yes,,Stockholm,,
24dnlh5ep1kag3tivpwu832sp,Marcus,Mølvadgaard,Marcus,Mølvadgaard,M. Mølvadgaard,Denmark,5adf60vwiw2f2mibyq1k4ex7i,Attacker,player,1999-08-03,Denmark,5adf60vwiw2f2mibyq1k4ex7i,189.0,82.0,,81.0,active,yes,,,,
2dfaug2kb9bvskatxljg38lbd,Baba Oulen,Souare,Baba,Souare,B. Souare,Switzerland,3bh70jgvc5mn58x0byjkuda17,Defender,player,1999-03-07,Switzerland,3bh70jgvc5mn58x0byjkuda17,194.0,86.0,left,,active,yes,,Genève,Senegal,6hhqyhr5cwq2pfprlazyposyk
2e33d7fcjnkxhy1owvrs4f65l,Henrik,Bellman,Henrik,Bellman,H. Bellman,Sweden,1z6l2c33w2kyz9rdefs1d68nb,Midfielder,player,1999-03-24,Sweden,1z6l2c33w2kyz9rdefs1d68nb,170.0,65.0,right,23.0,active,yes,,,,
2nhzk67r9ib0mumm20bpgxlux,Jesper,Overgaard Christiansen,,,J. Christiansen,Denmark,5adf60vwiw2f2mibyq1k4ex7i,Defender,player,1991-06-16,Denmark,5adf60vwiw2f2mibyq1k4ex7i,,,,22.0,active,yes,,,,
2nl5jbynyy5vm68ltddawl1ey,Magnus,Haüser Nielsen,,,M. Haüser,Denmark,5adf60vwiw2f2mibyq1k4ex7i,Midfielder,player,1998-05-04,Denmark,5adf60vwiw2f2mibyq1k4ex7i,180.0,,,21.0,active,yes,,,,
2qedb8t85t1ieeed9613c9crt,Christian,Enemark,Christian,Enemark,C. Enemark,Denmark,5adf60vwiw2f2mibyq1k4ex7i,Defender,player,1999-01-20,Denmark,5adf60vwiw2f2mibyq1k4ex7i,183.0,78.0,,6.0,active,yes,,,,
3i2odn2pxmbx5w0o269baisd0,Mohammed,Hassan Ahmad Mohamad,,,Mohammad Hassan,Iraq,1uzblzx1s42jn6zk6hivjzby8,Goalkeeper,player,2002-04-01,Iraq,1uzblzx1s42jn6zk6hivjzby8,,,,27.0,active,no,,,,
3t42izcok7ya6lznebjvqhwid,Nicklas,Dannevang,,,N. Dannevang,Denmark,5adf60vwiw2f2mibyq1k4ex7i,Goalkeeper,player,1990-09-11,Denmark,5adf60vwiw2f2mibyq1k4ex7i,195.0,78.0,,1.0,active,yes,,,,
44rbev8ozfzrepijuvj757bbo,Kristian Randløv,Blaabjerg,,,K. Blaabjerg,Denmark,5adf60vwiw2f2mibyq1k4ex7i,Defender,player,2005-01-28,Denmark,5adf60vwiw2f2mibyq1k4ex7i,,,,41.0,active,yes,,,,
4gaef9grqcq4af6wx4jcpzd3o,Andreas,Nymark,,,A. Nymark,Denmark,5adf60vwiw2f2mibyq1k4ex7i,Midfielder,player,2004-01-19,Denmark,5adf60vwiw2f2mibyq1k4ex7i,,,both,3.0,active,yes,,,,
4sigxt0x1gv5qziazl3ikxqwa,Nils Emil Leif,Hellman,Emil,Hellman,E. Hellman,Sweden,1z6l2c33w2kyz9rdefs1d68nb,Defender,player,2001-04-20,Sweden,1z6l2c33w2kyz9rdefs1d68nb,,,,,active,yes,,,,
5jv4a1295xd5oonpj9w9fy61g,Mustafa Abdulghani,Mohsin Salah,,,M. Salah,Denmark,5adf60vwiw2f2mibyq1k4ex7i,Attacker,player,2006-02-23,Denmark,5adf60vwiw2f2mibyq1k4ex7i,175.0,,both,,active,yes,,,,
5l4rk8tg9pn9tvlmfgwonowoa,Jeppe Rømer,Jørgensen,,,J. Jørgensen,Denmark,5adf60vwiw2f2mibyq1k4ex7i,Goalkeeper,player,2001-08-26,Denmark,5adf60vwiw2f2mibyq1k4ex7i,,,,,active,yes,,,,
5lcd3t0so5nozfdfw9zuri63u,Keanin,Ayer Boya,Keanin,Ayer,K. Ayer,South Africa,1kiwby3xmt97m3ejw76qs4i6k,Midfielder,player,2000-04-21,South Africa,1kiwby3xmt97m3ejw76qs4i6k,172.0,70.0,both,10.0,active,yes,,Johannesburg,,
5n7gv24a4vr4pvxzo3pgrh6hg,Giran Gabriel,Pyne-Cole,,,G. Pyne-Cole,Denmark,5adf60vwiw2f2mibyq1k4ex7i,Attacker,player,2002-01-12,Denmark,5adf60vwiw2f2mibyq1k4ex7i,173.0,,,28.0,active,yes,,,,
618p33azjngiscs20lu65zsa,Mathias,Holm,,,M. Holm,Denmark,5adf60vwiw2f2mibyq1k4ex7i,Midfielder,player,2000-10-19,Denmark,5adf60vwiw2f2mibyq1k4ex7i,,,,32.0,active,yes,,,,
6g671k5lvgoo2bgub2516q1w4,Ludvig,Fagersted Henriksen,,,L. Henriksen,Denmark,5adf60vwiw2f2mibyq1k4ex7i,Defender,player,2001-11-23,Denmark,5adf60vwiw2f2mibyq1k4ex7i,,,,19.0,active,yes,,,,
6gmm4awyvlf9p7jr9dvnmp0tm,Laurits,Bust Sørensen,,,L. Bust,Denmark,5adf60vwiw2f2mibyq1k4ex7i,Defender,player,1998-12-05,Denmark,5adf60vwiw2f2mibyq1k4ex7i,,,,4.0,active,yes,,,,
6mckqnoqzwaf56nsxjyhv3j10,Malthe,Rugaard,,,M. Rugaard,Denmark,5adf60vwiw2f2mibyq1k4ex7i,Midfielder,player,,Denmark,5adf60vwiw2f2mibyq1k4ex7i,,,,,active,yes,,,,
7cmtd2z67ohvqmevp5v6x709g,Malthe,Schou,,,M. Schou,Denmark,5adf60vwiw2f2mibyq1k4ex7i,Goalkeeper,player,2005-02-02,Denmark,5adf60vwiw2f2mibyq1k4ex7i,,,,18.0,active,yes,,,,
7dnjrtekpvzf1csh833n5z21g,Filip,Mellbin,,,F. Mellbin,Denmark,5adf60vwiw2f2mibyq1k4ex7i,Goalkeeper,player,2003-04-03,Denmark,5adf60vwiw2f2mibyq1k4ex7i,179.0,,,26.0,active,no,,,,
7om7vpvnsbvieb6lenl4j5m5m,William,Lenart,,,W. Lenart,Denmark,5adf60vwiw2f2mibyq1k4ex7i,Defender,player,2002-06-01,Denmark,5adf60vwiw2f2mibyq1k4ex7i,,,,40.0,active,yes,,,,
86elyas9hffkzucaq158gfnit,Frederik Emil,Christensen,,,F. Christensen,Denmark,5adf60vwiw2f2mibyq1k4ex7i,Attacker,player,1995-03-07,Denmark,5adf60vwiw2f2mibyq1k4ex7i,,,,9.0,active,yes,,,,
8fc1w9vecq8e9kvoywi2bd9uc,Christian,Friedrich,Christian,Friedrich,C. Friedrich,Denmark,5adf60vwiw2f2mibyq1k4ex7i,Defender,player,2003-02-15,Denmark,5adf60vwiw2f2mibyq1k4ex7i,,,,15.0,active,yes,,,,
8iem9qo12nq50d2ch6ulseiok,Silas,Trier Madsen,,,S. Trier,Denmark,5adf60vwiw2f2mibyq1k4ex7i,Midfielder,player,1998-06-17,Denmark,5adf60vwiw2f2mibyq1k4ex7i,,,,12.0,active,yes,,,,
8lthxq5vs4sr292hewa774kyc,Mathias Grave,Øster-Jørgensen,,,M. Jørgensen,Denmark,5adf60vwiw2f2mibyq1k4ex7i,Midfielder,player,2006-09-08,Denmark,5adf60vwiw2f2mibyq1k4ex7i,,,,16.0,active,yes,,,,
8ugd52epn5mv4rjxc1edi3xii,Peter,Bonde,Peter,Bonde,P. Bonde,Denmark,5adf60vwiw2f2mibyq1k4ex7i,,coach,1958-02-14,Denmark,5adf60vwiw2f2mibyq1k4ex7i,,,,,active,no,,,,
8zsjhgmaglht1662ahn6uvljp,André Einari,Österholm,Andre,Osterholm,A. Österholm,Sweden,1z6l2c33w2kyz9rdefs1d68nb,Midfielder,player,1996-06-17,Sweden,1z6l2c33w2kyz9rdefs1d68nb,183.0,81.0,right,25.0,active,yes,,Stockholm,,
9469qatlpe6rdqko8c6ha4out,Nahom,Girmai Netabay,Nahom,Girmai Netabay,N. Girmai Netabay,Sweden,1z6l2c33w2kyz9rdefs1d68nb,Midfielder,player,1994-08-28,Sweden,1z6l2c33w2kyz9rdefs1d68nb,172.0,68.0,,26.0,active,yes,,,,
9clqq6utfcr4ev94eej8t2f4k,Mads Johan,Freitag,,,M. Freitag,Denmark,5adf60vwiw2f2mibyq1k4ex7i,Attacker,player,2002-05-18,Denmark,5adf60vwiw2f2mibyq1k4ex7i,181.0,,right,29.0,active,no,,,,
axku82d0k0yneq3cgw2rztox6,Frederik,Ellegaard Christensen,,,F. Ellegaard,Denmark,5adf60vwiw2f2mibyq1k4ex7i,Attacker,player,1999-12-31,Denmark,5adf60vwiw2f2mibyq1k4ex7i,,,right,23.0,active,no,,,,
b5r9e8cyb3ds82vcy387j717t,Mads,Møldrup Carlson,,,M. Carlson,Denmark,5adf60vwiw2f2mibyq1k4ex7i,Midfielder,player,1999-01-09,Denmark,5adf60vwiw2f2mibyq1k4ex7i,,,,90.0,active,yes,,,,
bdxcd38y99nrbv72uh2v4fhg4,Mikkel,Riis Ladefoged,,,M. Ladefoged,Denmark,5adf60vwiw2f2mibyq1k4ex7i,Attacker,player,2003-06-09,Denmark,5adf60vwiw2f2mibyq1k4ex7i,201.0,,,11.0,active,yes,,,,
c6x3omnbbq5hw10xsxcq1yec4,Philip,Banda Hjøllund Sørensen,,,P. Banda,Denmark,5adf60vwiw2f2mibyq1k4ex7i,Defender,player,2003-05-16,Denmark,5adf60vwiw2f2mibyq1k4ex7i,,,,2.0,active,yes,,,,
cczs3j1n5k0om7jovmcjsvnu2,Alexander,Kostow,,,A. Kostow,Denmark,5adf60vwiw2f2mibyq1k4ex7i,Goalkeeper,player,2001-05-27,Denmark,5adf60vwiw2f2mibyq1k4ex7i,,,,,active,yes,,,,
ceo14a2foxl6hd7m16xu3ed3p,Mark,Kongstedt,,,M. Kongstedt,Denmark,5adf60vwiw2f2mibyq1k4ex7i,Midfielder,player,1995-07-08,Denmark,5adf60vwiw2f2mibyq1k4ex7i,,,,8.0,active,yes,,,,
d9c6x5owti90qf3bc6vbttkic,Bertil,Rygaard Hansen,,,B. Rygaard,Denmark,5adf60vwiw2f2mibyq1k4ex7i,Midfielder,player,2004-08-25,Denmark,5adf60vwiw2f2mibyq1k4ex7i,,,,20.0,active,yes,,,,
dby4dlsu0mcjg51czovmyjvxm,Cyrus,Dehmie,Cyrus,Dehmie,C. Dehmie,Australia,u5ieemi69z72c3bgczyy68lo,Attacker,player,2002-05-25,Australia,u5ieemi69z72c3bgczyy68lo,,,,11.0,active,no,,,,
dcj1r91o3t276o924heml8stl,Souheib,Dhaflaoui,,,S. Dhaflaoui,Denmark,5adf60vwiw2f2mibyq1k4ex7i,Midfielder,player,1996-05-08,Denmark,5adf60vwiw2f2mibyq1k4ex7i,,,,10.0,active,no,,,,
doebk87bwxwqd926z0xb2a4bu,Patrick Birch,Braune,,,P. Braune,Denmark,5adf60vwiw2f2mibyq1k4ex7i,,coach,1988-02-15,Denmark,5adf60vwiw2f2mibyq1k4ex7i,,,,,active,yes,,,,
dr570q396g7vf0vs0me443dg,Malte,Eghave Flindtholt,,,M. Flindtholt,Denmark,5adf60vwiw2f2mibyq1k4ex7i,Defender,player,2005-03-13,Denmark,5adf60vwiw2f2mibyq1k4ex7i,,,,13.0,active,yes,,,,
eso2tbbpnxu9qvx6zy07m5jx0,Julius,Madsen,,,J. Madsen,Denmark,5adf60vwiw2f2mibyq1k4ex7i,Midfielder,player,2003-08-01,Denmark,5adf60vwiw2f2mibyq1k4ex7i,,,,14.0,active,no,,Næstved,,
f1ba9g771s0zeel0titcj3omi,Abdoulie,Njai,,,A. Njai,Denmark,5adf60vwiw2f2mibyq1k4ex7i,Midfielder,player,1997-07-10,Denmark,5adf60vwiw2f2mibyq1k4ex7i,185.0,,,17.0,active,no,,København,Gambia,4ix3ulx7h2a09r16jo9qdbuvp
k3aywnd7l2wi7443br86hgyc,Gustav,Ledet Møller,,,G. Møller,Denmark,5adf60vwiw2f2mibyq1k4ex7i,Midfielder,player,2004-06-14,Denmark,5adf60vwiw2f2mibyq1k4ex7i,175.0,,right,30.0,active,yes,,,,
1902oagnhlo7x9xpumxvg1t78,Lukas Edvin,Björklund,Lukas,Björklund,L. Björklund,Sweden,1z6l2c33w2kyz9rdefs1d68nb,Midfielder,player,2004-02-16,Sweden,1z6l2c33w2kyz9rdefs1d68nb,,,right,30.0,active,yes,,Malmö,,
1rr41tgqg6pdzps45l79q2xn9,Thomas,Nørgaard,Thomas,Nørgaard,T. Nørgaard,Denmark,5adf60vwiw2f2mibyq1k4ex7i,,coach,1982-04-13,Denmark,5adf60vwiw2f2mibyq1k4ex7i,,,,,active,yes,,,,
3361cs2j60yxzy9mir80byqc5,Andreas,Oggesen,Andreas,Oggesen,A. Oggesen,Denmark,5adf60vwiw2f2mibyq1k4ex7i,Midfielder,player,1994-03-18,Denmark,5adf60vwiw2f2mibyq1k4ex7i,173.0,59.0,right,22.0,active,yes,,Viborg,,
33sxiwcjeqcop3ukuok86ujmd,Marc,Dal Hende,Marc,Dal Hende,M. Dal Hende,Denmark,5adf60vwiw2f2mibyq1k4ex7i,Defender,player,1990-11-06,Denmark,5adf60vwiw2f2mibyq1k4ex7i,181.0,75.0,left,5.0,active,yes,,Dragør,,
3b8zmft8guvxlwfl1ystmjzkl,Jonas,Søndberg Thorsen,Jonas,Thorsen,J. Thorsen,Denmark,5adf60vwiw2f2mibyq1k4ex7i,Midfielder,player,1990-04-19,Denmark,5adf60vwiw2f2mibyq1k4ex7i,188.0,77.0,right,16.0,active,yes,,Skæring,,
3ihg8kmpq3ipbllmt9438r504,Sebastian,Escobar Jensen,,,S. Jensen,Denmark,5adf60vwiw2f2mibyq1k4ex7i,Midfielder,player,2005-04-15,Denmark,5adf60vwiw2f2mibyq1k4ex7i,,,,,active,yes,,,,
4lac0f1ev5usxpka7gaev3hii,Marcus,Kristensen,Marcus,Kristensen,M. Kristensen,Denmark,5adf60vwiw2f2mibyq1k4ex7i,Midfielder,player,2003-01-14,Denmark,5adf60vwiw2f2mibyq1k4ex7i,,,,15.0,active,yes,Marcus Kristensen,,,
4qyfoq5fjiochtj89w426lm21,Søren,Skals Andreasen,,,S. Andreasen,Denmark,5adf60vwiw2f2mibyq1k4ex7i,Attacker,player,1996-03-13,Denmark,5adf60vwiw2f2mibyq1k4ex7i,,,,14.0,active,yes,,,,
50j8jwihp7kviifscjim8f0mh,Adnan,Hadzic,Adnan,Hadzic,A. Hadzic,Norway,7f16iy4w8u8ogyn6pfooqwv5z,Midfielder,player,1999-03-08,Norway,7f16iy4w8u8ogyn6pfooqwv5z,185.0,75.0,,6.0,active,no,,,,
5j9d1plbsd5ic01r3ggziutwp,Rasmus,Hjorth Vinderslev,Rasmus,Vinderslev,R. Vinderslev,Denmark,5adf60vwiw2f2mibyq1k4ex7i,Midfielder,player,1997-08-12,Denmark,5adf60vwiw2f2mibyq1k4ex7i,185.0,75.0,right,24.0,active,yes,,,,
5jdkdvxssuc8gvzwwrq5bs76y,Tobias,Sommer Sørensen,Tobias,Sommer,T. Sommer,Denmark,5adf60vwiw2f2mibyq1k4ex7i,Midfielder,player,2001-11-27,Denmark,5adf60vwiw2f2mibyq1k4ex7i,,,,26.0,active,yes,,,,
5q4p56lg1vjsqo824aql0e1d6,Dalton James,Wilkins,Dalton,Wilkins,D. Wilkins,New Zealand,wcq2y28a27syx5do1k2i2nj8,Defender,player,1999-04-15,New Zealand,wcq2y28a27syx5do1k2i2nj8,181.0,61.0,,13.0,active,yes,,,,
5x8064b3yr7txk0czddfjtffu,Sefer,Emini,Sefer,Emini,S. Emini,North Macedonia,1lesyxylc5eza0a4z87t9azcc,Midfielder,player,2000-07-15,North Macedonia,1lesyxylc5eza0a4z87t9azcc,,,,7.0,active,yes,,,,
6gh4z3yubnpypzoakjom1rj3e,José Jesus,Gallegos,José,Gallegos,J. Gallegos,USA,7hr2f89v44y65dyu9k92vprwn,Midfielder,player,2001-09-22,USA,7hr2f89v44y65dyu9k92vprwn,176.0,70.0,right,17.0,active,yes,,San Antonio,,
6j0ivhjylcydxazb81pheftp0,Simon,Maass,,,S. Maass,Denmark,5adf60vwiw2f2mibyq1k4ex7i,Midfielder,player,2005-12-04,Denmark,5adf60vwiw2f2mibyq1k4ex7i,176.0,,right,,active,yes,,,,
6je6y9uk6km1tkzatpw8v9p1w,Anders,Bergholt Pedersen,,,A. Pedersen,Denmark,5adf60vwiw2f2mibyq1k4ex7i,Midfielder,player,2005-09-12,Denmark,5adf60vwiw2f2mibyq1k4ex7i,,,,34.0,active,yes,,,,
6rd849oap6uh93wdwjk8590q1,Maxime Henry Armand,Soulas,Maxime,Soulas,M. Soulas,France,7gww28djs405rfga69smki84o,Defender,player,1999-05-19,France,7gww28djs405rfga69smki84o,191.0,74.0,,12.0,active,yes,,Montpellier,,
7j7msbwp1i7994rpr7yz6t905,Christoffer,Kongsted Remmer,Christoffer,Remmer,C. Remmer,Denmark,5adf60vwiw2f2mibyq1k4ex7i,Defender,player,1993-01-16,Denmark,5adf60vwiw2f2mibyq1k4ex7i,182.0,79.0,,2.0,active,yes,,Hvidovre,,
81a5mbcfvbxke0w3cbq65ld2i,Marcus,Ryu Alstrup,Marcus,Alstrup,M. Alstrup,Denmark,5adf60vwiw2f2mibyq1k4ex7i,Goalkeeper,player,2004-03-24,Denmark,5adf60vwiw2f2mibyq1k4ex7i,,,,13.0,active,no,,,,
87n4spocdm5palu8frve2ff85,Emil,Berggreen,Emil,Berggreen,E. Berggreen,Denmark,5adf60vwiw2f2mibyq1k4ex7i,Attacker,player,1993-05-10,Denmark,5adf60vwiw2f2mibyq1k4ex7i,194.0,89.0,right,11.0,active,yes,,Helsingør,,
8eribncmewk65x40tn7pvqymt,Robin,Schouten,Robin,Schouten,R. Schouten,Netherlands,6hzi5pltnz67q4la8yli9qfv6,Defender,player,1998-02-25,Netherlands,6hzi5pltnz67q4la8yli9qfv6,178.0,71.0,right,,active,no,,Alkmaar,,
8viazilbghyogmhd7w3lg2six,Sebastian,Koch,Sebastian,Koch,S. Koch,Denmark,5adf60vwiw2f2mibyq1k4ex7i,Attacker,player,1996-10-11,Denmark,5adf60vwiw2f2mibyq1k4ex7i,186.0,,right,27.0,active,yes,,,,
94560hgwsjkx8qgz48f7gzitw,Olti,Hyseni,,,O. Hyseni,Denmark,5adf60vwiw2f2mibyq1k4ex7i,Attacker,player,2007-07-07,Denmark,5adf60vwiw2f2mibyq1k4ex7i,,,,31.0,active,yes,,,,
945m1ao4o1wvojbkckvdtjre2,Mads Hjalmar,Hansen,Mads,Hansen,M. Hansen,Denmark,5adf60vwiw2f2mibyq1k4ex7i,Midfielder,player,2001-04-10,Denmark,5adf60vwiw2f2mibyq1k4ex7i,174.0,,right,23.0,active,no,,,,
9rbmj0j542662taz98gtv6bfu,Mikkel,Hyllegaard,Mikkel,Hyllegaard,M. Hyllegaard,Denmark,5adf60vwiw2f2mibyq1k4ex7i,Attacker,player,1999-04-03,Denmark,5adf60vwiw2f2mibyq1k4ex7i,173.0,,,9.0,active,no,,,,
9yxhg70gpwi3e9s84c8qwg0yx,Jonas,Dakir,Jonas,Dakir,J. Dakir,Denmark,5adf60vwiw2f2mibyq1k4ex7i,Goalkeeper,player,1997-04-18,Denmark,5adf60vwiw2f2mibyq1k4ex7i,191.0,76.0,,28.0,active,yes,,Aarhus,,
a6ham5hnwv62w3tynikyal68l,Nicolai,Flø Jepsen,Nicolai,Flø,N. Flø,Denmark,5adf60vwiw2f2mibyq1k4ex7i,Goalkeeper,player,1995-09-25,Denmark,5adf60vwiw2f2mibyq1k4ex7i,190.0,91.0,right,1.0,active,yes,,Silkeborg,,
a8opuarwq9byw73nhfgvo9nca,Kristall Máni,Ingason,Kristall,Ingason,K. Ingason,Iceland,4jjsm5a20nnxgw5cus6b7yxc6,Attacker,player,2002-01-18,Iceland,4jjsm5a20nnxgw5cus6b7yxc6,178.0,,right,10.0,active,yes,,,,
adg5dfvzxjrzlz1n2jsfeyx3o,Mads,Agger,,,M. Agger,Denmark,5adf60vwiw2f2mibyq1k4ex7i,Attacker,player,1999-12-21,Denmark,5adf60vwiw2f2mibyq1k4ex7i,181.0,,,25.0,active,yes,,,,
bb2cldqy0vvcyrrcvj6j0d71l,Atli,Barkarson,Atli,Barkarson,A. Barkarson,Iceland,4jjsm5a20nnxgw5cus6b7yxc6,Defender,player,2001-03-19,Iceland,4jjsm5a20nnxgw5cus6b7yxc6,175.0,,left,21.0,active,yes,,,,
bdxcd38y99nrbv72uh2v4fhg4,Mikkel,Riis Ladefoged,,,M. Ladefoged,Denmark,5adf60vwiw2f2mibyq1k4ex7i,Attacker,player,2003-06-09,Denmark,5adf60vwiw2f2mibyq1k4ex7i,201.0,,,19.0,active,no,,,,
bh06w40pwo6dy3cjrw3r2i0ru,Ivan,Nikolov,Ivan,Nikolov,I. Nikolov,North Macedonia,1lesyxylc5eza0a4z87t9azcc,Defender,player,2002-02-17,North Macedonia,1lesyxylc5eza0a4z87t9azcc,180.0,,right,18.0,active,yes,,,,
czpstoiy12awqpasz573ckp91,Daníel Leó,Grétarsson Schmidt,Daníel,Grétarsson,D. Grétarsson,Iceland,4jjsm5a20nnxgw5cus6b7yxc6,Defender,player,1995-10-02,Iceland,4jjsm5a20nnxgw5cus6b7yxc6,185.0,76.0,left,4.0,active,yes,,Keflavik,,
d88feog3dgv09oxbzn15xqesq,Tobias,Klysner Breuner,Tobias,Klysner,T. Klysner,Denmark,5adf60vwiw2f2mibyq1k4ex7i,Midfielder,player,2001-07-03,Denmark,5adf60vwiw2f2mibyq1k4ex7i,183.0,74.0,right,,active,yes,,Randers,,
dglnk6pm8tm5cvb9dgqlz6kus,Simon,Sylvest Wæver,,,S. Wæver,Denmark,5adf60vwiw2f2mibyq1k4ex7i,Defender,player,1996-01-21,Denmark,5adf60vwiw2f2mibyq1k4ex7i,,,,3.0,active,yes,,,,
djxtqxvqxd70prbr1gkwjp3sa,Peter,Buch Christiansen,Peter,Christiansen,P. Christiansen,Denmark,5adf60vwiw2f2mibyq1k4ex7i,Attacker,player,1999-12-02,Denmark,5adf60vwiw2f2mibyq1k4ex7i,175.0,72.0,,20.0,active,no,,,,
dnx2oigmv6rpzp7q7mjka8ems,Kristoffer,Jørgensen,,,K. Jørgensen,Denmark,5adf60vwiw2f2mibyq1k4ex7i,Midfielder,player,2004-08-19,Denmark,5adf60vwiw2f2mibyq1k4ex7i,,,,29.0,active,no,,,,
m9wipuvmznt3r8yie8en7i1g,Gustav,Drest Wagner,Gustav,Wagner,G. Wagner,Denmark,5adf60vwiw2f2mibyq1k4ex7i,Defender,player,2005-05-10,Denmark,5adf60vwiw2f2mibyq1k4ex7i,,,,32.0,active,yes,,,,
ozsu77pdl1qshegexnbjfqvp,Troels,Kløve Hallstrøm,Troels,Kløve,T. Kløve,Denmark,5adf60vwiw2f2mibyq1k4ex7i,Midfielder,player,1990-10-23,Denmark,5adf60vwiw2f2mibyq1k4ex7i,177.0,77.0,right,8.0,active,yes,,Horsens,,
s8c0oxnoqt6zi7pi88rwawvd,Jacob,Buus Jacobsen,Jacob,Buus,J. Buus,Denmark,5adf60vwiw2f2mibyq1k4ex7i,Defender,player,1997-03-07,Denmark,5adf60vwiw2f2mibyq1k4ex7i,177.0,67.0,,,active,yes,,Odense,,
v5l81gxg2i8p5imhugkqiexg,Benjamin,Bruhn Rasmussen,,,B. Rasmussen,Denmark,5adf60vwiw2f2mibyq1k4ex7i,Goalkeeper,player,2006-06-25,Denmark,5adf60vwiw2f2mibyq1k4ex7i,,,,35.0,active,yes,,,,
10lj2qekb1e4c8ful68b1pazt,Tobias,Pajbjerg Anker,Tobias,Anker,T. Anker,Denmark,5adf60vwiw2f2mibyq1k4ex7i,Defender,player,2001-03-06,Denmark,5adf60vwiw2f2mibyq1k4ex7i,194.0,,left,4.0,active,no,,Herning,,
139g7ilwvcpl519v3scnweg2d,Lucas Tomas,Jensen,Lucas,Jensen,L. Jensen,Denmark,5adf60vwiw2f2mibyq1k4ex7i,Attacker,player,1994-10-08,Denmark,5adf60vwiw2f2mibyq1k4ex7i,184.0,77.0,right,7.0,active,yes,,Holstebro,,
18vvlxsaoloypja4fdddj687o,Omar,Jebali,Omar,Jebali,O. Jebali,Tunisia,2um1icx6ftp1auliaxyw0ou6y,Defender,player,2000-02-19,Tunisia,2um1icx6ftp1auliaxyw0ou6y,,,,34.0,active,yes,,,,
1w8gujxthv0lfjrn98paa1uga,Carl,Lange,,,C. Lange,Denmark,5adf60vwiw2f2mibyq1k4ex7i,Midfielder,player,1998-10-07,Denmark,5adf60vwiw2f2mibyq1k4ex7i,,,,10.0,active,yes,,,,
1xnmt5nglgobckvgacol5xfbp,Henrik,Pedersen,Henrik,Pedersen,H. Pedersen,Denmark,5adf60vwiw2f2mibyq1k4ex7i,,coach,1978-01-02,Denmark,5adf60vwiw2f2mibyq1k4ex7i,,,,,active,no,,,,
27gr6h19dyehzbcu0z0wsz5xx,Rune,Sjælland Frantsen,Rune,Frantsen,R. Frantsen,Denmark,5adf60vwiw2f2mibyq1k4ex7i,Defender,player,1991-10-15,Denmark,5adf60vwiw2f2mibyq1k4ex7i,,,both,12.0,active,yes,,,,
2f4y5mi3etkk6brrwcifmbitw,Nicolai,Vistisen,,,N. Vistisen,Denmark,5adf60vwiw2f2mibyq1k4ex7i,Goalkeeper,player,2002-05-01,Denmark,5adf60vwiw2f2mibyq1k4ex7i,,,,16.0,active,no,,,,
2ogyn0qvu3gayxh058iuy7384,Jeppe,Syndergaard Jensen,,,J. Syndergaard,Denmark,5adf60vwiw2f2mibyq1k4ex7i,Midfielder,player,2003-11-30,Denmark,5adf60vwiw2f2mibyq1k4ex7i,,,,,active,yes,,,,
2wwpfsducpmryacr17y8k70iy,Baptiste Jean,Rolland,Baptiste,Rolland,B. Rolland,France,7gww28djs405rfga69smki84o,Defender,player,2003-01-14,France,7gww28djs405rfga69smki84o,,,,6.0,active,no,,,,
40ifyh0wgq2iuozpkgxkw7tre,Benjamin,Smales-Braithwaite,Benni,Smales-Braithwaite,B. Smales-Braithwaite,England,1fk5l4hkqk12i7zske6mcqju6,Attacker,player,2002-04-29,England,1fk5l4hkqk12i7zske6mcqju6,185.0,,right,23.0,active,no,,,,
4co0qum6rrd28hl9pqewjs0t0,Jonathan,Rosengaard,,,J. Rosengaard,Denmark,5adf60vwiw2f2mibyq1k4ex7i,Midfielder,player,,Denmark,5adf60vwiw2f2mibyq1k4ex7i,,,,26.0,active,yes,,,,
53kw5p6gotrsqc5d3wkiv7fqi,Fabrice,Ndzie Mezama,Fabrice,Ndzie Mezama,F. Mezama,Cameroon,4eb9feio6u267dd1jcwaf38mt,Defender,player,2002-12-27,Cameroon,4eb9feio6u267dd1jcwaf38mt,,,,,active,no,,,,
5gc4aouty93b7kbin9cpgrdre,Anton,Søjberg Horup,Anton,Sojberg,A. Søjberg,Denmark,5adf60vwiw2f2mibyq1k4ex7i,Attacker,player,2000-12-21,Denmark,5adf60vwiw2f2mibyq1k4ex7i,,,,21.0,active,no,,,,
5hr1cb6e6xb3eyjnau7w4825l,Rasmus,Thellufsen Pedersen,Rasmus,Thellufsen,R. Thellufsen,Denmark,5adf60vwiw2f2mibyq1k4ex7i,Midfielder,player,1997-01-09,Denmark,5adf60vwiw2f2mibyq1k4ex7i,175.0,70.0,both,22.0,active,yes,,Sæby,,
5nved2kta2hk8103hkyhq33hm,Mattias,Jakobsen,Mattias,Jakobsen,M. Jakobsen,Denmark,5adf60vwiw2f2mibyq1k4ex7i,Defender,player,2003-01-08,Denmark,5adf60vwiw2f2mibyq1k4ex7i,,,,3.0,active,no,,,,
6gi9kejni27hjp7b43djczz6d,Philip,Rejnhold Olsen,Philip,Rejnhold,P. Rejnhold,Denmark,5adf60vwiw2f2mibyq1k4ex7i,Defender,player,1996-03-21,Denmark,5adf60vwiw2f2mibyq1k4ex7i,177.0,75.0,both,3.0,active,yes,,København,,
6t6k24gn6zwxz1g6c3n4ph0q,Mathias,Haarup,Mathias,Haarup,M. Haarup,Denmark,5adf60vwiw2f2mibyq1k4ex7i,Defender,player,1996-02-10,Denmark,5adf60vwiw2f2mibyq1k4ex7i,178.0,,,27.0,active,yes,,,,
6xnn9048x2zmwprfsg0lhq61g,Mads,Houkjær,,,M. Houkjær,Denmark,5adf60vwiw2f2mibyq1k4ex7i,Defender,player,,Denmark,5adf60vwiw2f2mibyq1k4ex7i,,,,37.0,active,yes,,,,
6zxcmzp7w6esj54g05tvk7ai1,Kasper,Lunding Jakobsen,Kasper,Lunding,K. Lunding,Denmark,5adf60vwiw2f2mibyq1k4ex7i,Midfielder,player,1999-07-17,Denmark,5adf60vwiw2f2mibyq1k4ex7i,178.0,69.0,left,14.0,active,yes,,,,
78iynnu6cnznv6fxpo4br4mlm,Victor Sylvestre,Mpindi Ekani,Victor,Mpindi,V. Mpindi,Cameroon,4eb9feio6u267dd1jcwaf38mt,Midfielder,player,1997-02-27,Cameroon,4eb9feio6u267dd1jcwaf38mt,190.0,82.0,right,29.0,active,yes,,,,
7ar33yy0wd5ah5o8om1l12pgq,Marcus,Serup Hannesbo,Marcus,Hannesbo,M. Hannesbo,Denmark,5adf60vwiw2f2mibyq1k4ex7i,Midfielder,player,2002-05-11,Denmark,5adf60vwiw2f2mibyq1k4ex7i,184.0,69.0,left,11.0,active,yes,,,,
7hjje0m3ssh678vkup0un3zmc,David,Olsen,,,D. Olsen,Denmark,5adf60vwiw2f2mibyq1k4ex7i,,assistant coach,1973-12-29,Denmark,5adf60vwiw2f2mibyq1k4ex7i,,,,,active,yes,,,,
7j35sfip0xb51mpa91wzikrh0,Oskar,Øhlenschlæger,,,O. Øhlenschlæger,Denmark,5adf60vwiw2f2mibyq1k4ex7i,Midfielder,player,2004-04-19,Denmark,5adf60vwiw2f2mibyq1k4ex7i,180.0,,both,20.0,active,yes,,,,
868zn7yt4l7ascbl3jju32fis,Mads Lyderik,Christiansen,,,M. Christiansen,Denmark,5adf60vwiw2f2mibyq1k4ex7i,Midfielder,player,2004-01-02,Denmark,5adf60vwiw2f2mibyq1k4ex7i,,,,15.0,active,no,,,,
8iprpvzdpcoseq7vb0nac3cic,Dario,Pisaturo,,,D. Pisaturo,Denmark,5adf60vwiw2f2mibyq1k4ex7i,Midfielder,player,,Denmark,5adf60vwiw2f2mibyq1k4ex7i,,,,28.0,active,yes,,,,
9hf3cqj9cd6m2x4sb05e0n1t5,Oscar Carl,Linnér,Oscar,Linnér,O. Linnér,Sweden,1z6l2c33w2kyz9rdefs1d68nb,Goalkeeper,player,1997-02-23,Sweden,1z6l2c33w2kyz9rdefs1d68nb,200.0,84.0,right,,active,yes,,Stockholm,,
9l89n30nejpn2u22ygvchwnze,Lasse,Steffensen,,,L. Steffensen,Denmark,5adf60vwiw2f2mibyq1k4ex7i,Attacker,player,1996-08-27,Denmark,5adf60vwiw2f2mibyq1k4ex7i,,,,9.0,active,yes,,,,
9vbxe5gvruap8h546efz3nx1w,Andreas,Rise Kristiansen,,,A. Rise Kristiansen,Denmark,5adf60vwiw2f2mibyq1k4ex7i,Midfielder,player,,Denmark,5adf60vwiw2f2mibyq1k4ex7i,,,,31.0,active,yes,,,,
9y2jqheyw7vuscwsj9yyxuga,Gustav Bonde,Dahl,Gustav,Bonde Dahl,G. Dahl,Denmark,5adf60vwiw2f2mibyq1k4ex7i,Midfielder,player,2004-03-20,Denmark,5adf60vwiw2f2mibyq1k4ex7i,,,,25.0,active,yes,,,,
a7eramyy1bd8msxmg84ctc8ut,Ayo,Simon Okosun,Ayo Simon,Okosun,A. Simon Okosun,Denmark,5adf60vwiw2f2mibyq1k4ex7i,Midfielder,player,1993-07-21,Germany,36min0qztu8eydwvpv8t1is0m,198.0,85.0,right,8.0,active,yes,,Kopenhagen,,
ag1psg17osvgbq5fz9xo7kmj8,Zean,Peetz Dalügge,Zean,Dalügge,Z. Dalügge,Denmark,5adf60vwiw2f2mibyq1k4ex7i,Attacker,player,2003-07-11,Denmark,5adf60vwiw2f2mibyq1k4ex7i,,,,19.0,active,no,,,,
alvc454edslfjld3g3wcn7yp6,Tim Erik,Hartzell,Tim,Hartzell,T. Hartzell,Sweden,1z6l2c33w2kyz9rdefs1d68nb,Defender,player,2001-10-22,Sweden,1z6l2c33w2kyz9rdefs1d68nb,,,,44.0,active,yes,,,,
anh9yln71anor44xeh5zp9n56,Bo,Zinck,,,B. Zinck,Denmark,5adf60vwiw2f2mibyq1k4ex7i,,coach,1979-02-14,Denmark,5adf60vwiw2f2mibyq1k4ex7i,,,,,active,yes,,,,
b0yv1pcxifawqx6r1cfqq3otm,Zander,Hyltoft,Zander,Hyltoft,Z. Hyltoft,Denmark,5adf60vwiw2f2mibyq1k4ex7i,Midfielder,player,1995-09-20,Denmark,5adf60vwiw2f2mibyq1k4ex7i,,,,14.0,active,no,,,,
bubntd7xg8lyqaaw3utf3p8gk,Emil,Adrendrup Nielsen,,,E. Nielsen,Denmark,5adf60vwiw2f2mibyq1k4ex7i,Defender,player,2000-04-26,Denmark,5adf60vwiw2f2mibyq1k4ex7i,,,,17.0,active,no,,,,
bz8d17weyl989ssa4drf9d5ka,Thomas Albert,Christiansen,Thomas,Christiansen,T. Christiansen,Denmark,5adf60vwiw2f2mibyq1k4ex7i,Defender,player,2001-04-19,Denmark,5adf60vwiw2f2mibyq1k4ex7i,,,,18.0,active,yes,,,,
c8btmt9x3j3yhm8sa4tgch34k,Mads Krogsøe,Eriksen,,,M. Eriksen,Denmark,5adf60vwiw2f2mibyq1k4ex7i,Goalkeeper,player,2003-10-30,Denmark,5adf60vwiw2f2mibyq1k4ex7i,198.0,,right,13.0,active,yes,,,,
dcocgxtuabo0rwzwukvqky9uy,Marcus,Bundgaard Sørensen,Marcus,Bundgaard,M. Bundgaard,Denmark,5adf60vwiw2f2mibyq1k4ex7i,Goalkeeper,player,2001-08-05,Denmark,5adf60vwiw2f2mibyq1k4ex7i,197.0,75.0,right,1.0,active,no,,,,
dery8ktfkfh6kqt9g8tnxk7op,Terence,Baya,Terence,Baya,T. Baya,France,7gww28djs405rfga69smki84o,Defender,player,1998-01-12,France,7gww28djs405rfga69smki84o,181.0,73.0,left,2.0,active,yes,,Longjumeau,,
ef7l91pb4w6yk7lijxjxlievp,Mads,Juul Greve,Mads,Greve,M. Greve,Denmark,5adf60vwiw2f2mibyq1k4ex7i,Defender,player,1989-09-12,Denmark,5adf60vwiw2f2mibyq1k4ex7i,195.0,,right,5.0,active,yes,,,,
egwhlgopjtjkop7ozy7ltk1cl,Frederik,Lindbøg Børsting,Frederik,Børsting,F. Børsting,Denmark,5adf60vwiw2f2mibyq1k4ex7i,Midfielder,player,1995-02-13,Denmark,5adf60vwiw2f2mibyq1k4ex7i,178.0,74.0,both,6.0,active,yes,,Aalborg,,
eliciww307c6fs2mg347z1iei,Caden Christopher,Clark,Caden,Clark,C. Clark,USA,7hr2f89v44y65dyu9k92vprwn,Midfielder,player,2003-05-27,USA,7hr2f89v44y65dyu9k92vprwn,180.0,68.0,,37.0,active,no,,Medina,,
f2juonp2g71fa38eirs3zmyac,Danny,Beshara,,,D. Beshara,Denmark,5adf60vwiw2f2mibyq1k4ex7i,Midfielder,player,,Denmark,5adf60vwiw2f2mibyq1k4ex7i,,,,30.0,active,yes,,,,
y4dl1rer075c9wz6zhx7skbt,Oscar,Buch,,,O. Buch,Denmark,5adf60vwiw2f2mibyq1k4ex7i,Attacker,player,1997-02-14,Denmark,5adf60vwiw2f2mibyq1k4ex7i,,,,97.0,active,yes,,,,
